_flg_,_date_,_url_,_title_
1,2011/9/4,http://dummy/,高知銀などのファンド、ＡＩベンチャーに投資
1,2011/9/5,http://dummy/,サイバーエージェントが阪大・石黒教授と協業、アドテクとAI共同研究へ
1,2011/9/6,http://dummy/,日立がカメラ映像の人物を深層学習で特定する技術、「物を拾う」の識別も
1,2011/9/7,http://dummy/,2018年度にAIによる野球解説の実現目指す、電通が新プロジェクト始動
1,2011/9/8,http://dummy/,「goo」20周年の原動力は「おたく集団」、NTTレゾナントがAI戦略など発表
1,2011/9/9,http://dummy/,WACUL、Webサイト分析「AIアナリスト」新版 - 分析を自動化して工数削減
1,2011/9/10,http://dummy/,エッジへの機械学習実装を加速させる開発環境
1,2011/9/11,http://dummy/,IntelがAI部門を新設、トップは買収したNervanaのCEO
1,2011/9/12,http://dummy/,AIも活用し攻殻機動隊の「タチコマ」をリアルに再現、Cerevoがロボットを発売
1,2011/9/13,http://dummy/,囲碁の新星ＡＩ「絶芸」、開発１年で急伸　初出場で完勝
1,2011/9/14,http://dummy/,AI技術により音から睡眠個性を視覚化、
1,2011/9/15,http://dummy/,コープこうべ、ＡＩで買い物提案　スマホアプリで育児支援も 
1,2011/9/16,http://dummy/,カヤック、人工ニューラルネットワークの新技術の特許を出願　法人や個人のAI活用を支援する人工知能研究開発室「カヤックAI部」を設立
1,2011/9/17,http://dummy/,囲碁の世界大会　朴廷桓九段が人工知能に逆転勝ち
1,2011/9/18,http://dummy/,世界で初めてディープラニング人工知能を使って鼻歌から自律的に作曲する機能を実装した無料スマートフォンアプリ「muddica（ムディカ）」を４月下旬リリース
1,2011/9/19,http://dummy/,韓国・朴九段が全勝Ｖ　ワールド碁、ＡＩが井山破る
1,2011/9/20,http://dummy/,希望の映像がすぐ見付けられる――Watsonが変える映像活用
1,2011/9/21,http://dummy/,Samsung、独自AIアシスタント「Bixby」正式発表　まずは「Galaxy S8」に搭載
1,2011/9/22,http://dummy/,IBM InterConnect 2017開幕、クラウドやWatsonの新サービス・技術を一気に発表
1,2011/9/23,http://dummy/,井山、ＡＩともに惜敗　ワールド碁・第１日  
1,2011/9/24,http://dummy/,三井住友海上、UEIと深層学習AIを用いた保険販売の実証実験
1,2011/9/25,http://dummy/,独・ボッシュ、AI（人工知能）技術向上で自動車が自ら学習し適切なアクションをとることを可能に
1,2011/9/26,http://dummy/,ハウステンボス、管理部門でのAI活用への挑戦〜接客業務でのロボット採用に続き、管理業務でもAIを駆使し労働生産性の50%向上を目指す〜
1,2011/9/27,http://dummy/,文章を解析「自然言語処理」　徳島でＡＩ向け研究
1,2011/9/28,http://dummy/,搬送ロボ、ＡＩで賢く　大和ハウスが物流新施設  
1,2011/9/29,http://dummy/,Conyac運営のエニドア、A.I.向け多言語機械学習データ作成サービス「ConyacDATA」のAPIを提供開始 ?依頼データの登録から結果取得までを自動化し業務の効率化を可能に?
1,2011/9/30,http://dummy/,リクルートテクノロジーズのAIプロジェクト「A3RT（アート）」が始動、機械学習、ディープラーニングの6APIを公開
1,2011/10/1,http://dummy/,NVIDIAとボッシュ、自動運転システムを共同開発へ
1,2011/10/2,http://dummy/,SentinelOne　機械学習で未知の脅威も検知国内市場に参入、日本法人設立へ米国本社のCEOが意気込み語る
1,2011/10/3,http://dummy/,テックファーム、ランドマーク税理士法人とAIを活用した相続対策サービス
1,2011/10/4,http://dummy/,函館に道内初ＡＩ拠点
1,2011/10/5,http://dummy/,ファッション通販、ＡＩ活用　ＴＳＩとＮＴＴ系  
1,2011/10/6,http://dummy/,Googleの人工知能部門DeepMindがイギリスの電力コストをインフラ整備なしで10％もカットする
1,2011/10/7,http://dummy/,居希望者の条件を解析して、理想のお部屋情報を提供するAI(人工知能)　「ウチコミ！くん R:AI:MU(ライム)」を実装
1,2011/10/8,http://dummy/,若手行員をＡＩがお助け　千葉銀など、実験の対象拡大  
1,2011/10/9,http://dummy/,チームラボとIDCフロンティア、人工知能分野の研究支援プログラムを開始
1,2011/10/10,http://dummy/,PFIから自然言語処理と機械学習の部門がスピンアウト、新会社「レトリバ」が2.5億円を調達
1,2011/10/11,http://dummy/,機械学習で地震予知 ケンブリッジ大が実験に成功
1,2011/10/12,http://dummy/,ソニーと東大、次世代の技術人材育成　ＡＩやＶＲ 
1,2011/10/13,http://dummy/,面接官はＡＩ　Ｔ＆Ａ、「ペッパー」活用  
1,2011/10/14,http://dummy/,最新FPGA搭載、4K映像や機械学習を高速処理
1,2011/10/15,http://dummy/,25年大阪万博、ＡＩなど最先端技術結集　誘致へ報告書
1,2011/10/16,http://dummy/,ＡＩの暴走防ぐ国際ガイドライン策定へたたき台提示
1,2011/10/17,http://dummy/,NECと仙台白百合女子大　AIによる脳血管疾患の発症・重症化リスク予測研究　保健指導で活用
1,2011/10/18,http://dummy/,米ＧＥ、ＡＩで風力発電効率化　日本で運営支援
1,2011/10/19,http://dummy/,東芝・NEC・富士通が理研にAI研究拠点、深層学習の先を目指す
1,2011/10/20,http://dummy/,ＡＩで毒ガス検知　ＮＴＴデータや警察庁、20年までに製品化
1,2011/10/21,http://dummy/,人工知能がコンクリートの表層品質を判定 
1,2011/10/22,http://dummy/,Google、動画内検索を可能にするディープラーニング採用APIのβ提供開始
1,2011/10/23,http://dummy/,Google、データサイエンティストコミュニティKaggle買収で「AIの民主化」を加速
1,2011/10/24,http://dummy/,NTTドコモと未来シェアが「AI運行バス」、中小都市でライドシェア展開へ
1,2011/10/25,http://dummy/,Watson使う次世代の車載システムを紹介、日本IBMとアルパイン
1,2011/10/26,http://dummy/,ＡＩで脳血管疾患のリスク予測　ＮＥＣ
1,2011/10/27,http://dummy/,ＦＸ異常取引をＡＩで監視　金融取、富士通と共同研究 
1,2011/10/28,http://dummy/,感染症流行地へ医療品、ＡＩで配送円滑に　ＮＥＣ開発へ  
1,2011/10/29,http://dummy/,富士通、仏で60億円投資　ＶＢ出資やＡＩ研究
1,2011/10/30,http://dummy/,NEC、スーパーマーケットでAIを活用するソリューションを発表
1,2011/10/31,http://dummy/,IBMとSalesforce.comがAI活用で提携、WatsonとEinsteinを統合
1,2011/11/1,http://dummy/,ＡＩで認知症予防、インフォデリバが５月めどにサービス開始
1,2011/11/2,http://dummy/,フィリップス、深層学習向け世界最大級病理学データベース構築  
1,2011/11/3,http://dummy/,ロボやＡＩ活用促す 神戸商議所、17年度事業計画案 
1,2011/11/4,http://dummy/,人工知能カメラアプリ「Microsoft Pix」がフラッシュに対応！動作も高速化
1,2011/11/5,http://dummy/,パーソナルAIコーチが最適な食事などを提案してくれるアプリ「FiNC」が一般公開
1,2011/11/6,http://dummy/,IDCフロンティア、「NVIDIA Tesla P100」採用のディープラーニング環境をクラウドで提供
1,2011/11/7,http://dummy/,AIによる地盤解析を実用化　地盤ネットHD
1,2011/11/8,http://dummy/,サイバーエージェント子会社のAIメッセンジャー、沖縄チャットセンターの対応を開始
1,2011/11/9,http://dummy/,人工知能が著作権フリーのオリジナル音楽を自動生成する「Amper Music」
1,2011/11/10,http://dummy/,理研のＡＩ開発用スパコン、富士通が受注  
1,2011/11/11,http://dummy/,富士通、「思考するＡＩ」開発へ　理研と共同研究
1,2011/11/12,http://dummy/,人工知能スタートアップ「Ozlo」、ボットに依頼内容の不明点に質問で返す能力をもたらす
1,2011/11/13,http://dummy/,世界初 不正監視にＡＩ導入へ 日本取引所グループ
1,2011/11/14,http://dummy/,人工知能がポーカーでもトッププロに勝利
1,2011/11/15,http://dummy/,横浜市、ごみ分別方法を人工知能が案内　ドコモと実証実験 
1,2011/11/16,http://dummy/,香港の人工知能・機械学習スタートアップ特化アクセラレータZeroth.ai、スタートアップ・スタジオのMind Fundと資本業務提携
1,2011/11/17,http://dummy/,物流 30年完全無人化 ＡＩ活用 政府が工程表
1,2011/11/18,http://dummy/,ネイバー、人工知能「クローバ」を公開
1,2011/11/19,http://dummy/,人工知能を利用して学生と企業をマッチング！「GROWマッチング」登録学生25
1,2011/11/20,http://dummy/,人工知能技術による対話型自動Q&A サービスの提供開始について
1,2011/11/21,http://dummy/,LINE、人工知能プラットフォームに参戦！スマートスピーカーを初夏に発売
1,2011/11/22,http://dummy/,Samsung、人工知能向けに10億ドルのファンド組成を計画中
1,2011/11/23,http://dummy/,羽田空港でAI搭載ロボット「MINARAI」が実証実験 - AI＋人だからできるおもてなし
1,2011/11/24,http://dummy/,手書きの内容も人工知能でデータ化する「Tegaki」の開発元が13億円を調達
1,2011/11/25,http://dummy/,クラウド・人工知能を搭載した電力小売供給基幹システム「Odin」、運営元が11.8億円の資金調達
1,2011/11/26,http://dummy/,イオン、従業員の質問にＡＩが回答　接客能力高める
1,2011/11/27,http://dummy/,高速道の除雪、ＡＩで効率化　東日本高速 
1,2011/11/28,http://dummy/,ミツバグループ、グローバル53社の人事評価でAI活用
1,2011/11/29,http://dummy/,分析モデルの開発、展開を機械学習で自動化　IBMが提供へ
1,2011/11/30,http://dummy/,機械学習を中堅中小にも、PBCがERP「Dynamics NAV」新版
1,2011/12/1,http://dummy/,NTTドコモと東京無線が“ウーバー対抗策”、AIでタクシー需要を予測
1,2011/12/2,http://dummy/,ローソン、健康志向に応じ商品提案　ＬＩＮＥでＡＩが対応 
1,2011/12/3,http://dummy/,オンキヨー、ＡＩ家電に100億円投資　20年度に売上高400億円  
1,2011/12/4,http://dummy/,ＡＩ用スパコン、夏ごろから稼働　東工大
1,2011/12/5,http://dummy/,GoogleのAIライブラリ「TensorFlow」がVer.1.0に　高速化してより柔軟に、新APIも追加
1,2011/12/6,http://dummy/,マイクロソフト、AIとロボットで接客するためのクラウドサービス
1,2011/12/7,http://dummy/,ユニクロのネット通販、ＡＩがお薦め商品提案　米で実験
1,2011/12/8,http://dummy/,独ボッシュ、ＩＢＭとＩｏＴで提携　ワトソン活用  
1,2011/12/9,http://dummy/,Microsoft、ドローンのAI学習シミュレーターをオープンソース公開
1,2011/12/10,http://dummy/,IBM、Watson活用のコンテンツ管理ツール「Watson Content Hub」を発表
1,2011/12/11,http://dummy/,アークロボ」好評　人工知能で光熱費削減、郡山・内藤工業所
1,2011/12/12,http://dummy/,人工知能を活用したFXサービスを目指して日本マイクロソフトとSBIグループ
1,2011/12/13,http://dummy/,人工知能がリアルタイム翻訳「KDDI AI翻訳」登場　ディープラーニング活用
1,2011/12/14,http://dummy/,サイバーの人工知能のアドテクノロジー活用を図る「AI Lab」、東京工業大学と産学連携 
1,2011/12/15,http://dummy/,アプリ開発/制作のゆめみ、株式会社セレスと人工知能（AI）及び機械学習に関する研究所、 ビジネスサイエンスAIラボを共同設立
1,2011/12/16,http://dummy/,問い合わせ内容の可視化と人工知能（AI）技術を融合エネルギー事業者に特化したAIチャットサービスを提供開始
1,2011/12/17,http://dummy/,官民が連携し、先進型AI技術の研究ラボを設立
1,2011/12/18,http://dummy/,IBM、Watson活用のセキュリティ対策サービスを発表
1,2011/12/19,http://dummy/,AIでチームを成長　プロジェクト管理ツール「Commu」β版が公開
1,2011/12/20,http://dummy/,Ford、Google出身者のAI企業に10億ドル投資、4年で完全自動運転実現へ
1,2011/12/21,http://dummy/,車の運転、ＡＩ使い評価　目の動きや反応時間測定　教習所に販売
1,2011/12/22,http://dummy/,富士ゼロ　ＡＩが秘書役　複写機情報も分析
1,2011/12/23,http://dummy/,Google、機械学習を活用したG Suite向け業務アシスタント「Cloud Search」
1,2011/12/24,http://dummy/,サイバネット、機械学習を用いた内視鏡診断システムの特許を取得
1,2011/12/25,http://dummy/,カブク、特許出願中の人工知能を活用した製造方法・工場最適化技術により、オンデマンド製造サービスを強化
1,2011/12/26,http://dummy/,機械学習のクラウドプラットフォームを提供するグルーヴノーツ、5億円を資金調達
1,2011/12/27,http://dummy/,NTT、AIで糖尿病患者の受信中断を予測するモデルを東大と共同構築
1,2011/12/28,http://dummy/,「カード不正利用」の検知精度、深層学習で劇的向上  
1,2011/12/29,http://dummy/,ＡＩで化学物質審査短く　経産省、企業の開発環境整備
1,2011/12/30,http://dummy/,ＡＩで効果的な薬剤特定　米大、カエルで病気再現  
1,2011/12/31,http://dummy/,ＡＩ運用の投信、ゴールドマンが日本参入
1,2012/1/1,http://dummy/,ＡＩで働き方改革　三井物産、社内情報共有しやすく
1,2012/1/2,http://dummy/,ＡＩ人材育成へ養成機関　損保ジャパン
1,2012/1/3,http://dummy/,転機の中古マンション市場（下）　物件取引にもＡＩの波
1,2012/1/4,http://dummy/,韓国ネイバー、自動運転ＡＩ開発に力
1,2012/1/5,http://dummy/,ＡＳワトソン、カナダのＡＩベンチャーに80億円投資
1,2012/1/6,http://dummy/,ＡＩでICUの合併症予測、NTTデータが欧州で実証実験
1,2012/1/7,http://dummy/,日揮・ＮＥＣ、ＡＩでプラント運営支援　故障予知など  
1,2012/1/8,http://dummy/,「ブラフ」もできる人工知能、ポーカーのトッププロ撃破　2億円相当の勝利
1,2012/1/9,http://dummy/,最適ながん治療、ＡＩが指南　がん研究会など開発へ  
1,2012/1/10,http://dummy/,東大、ＡＩ道路管理の実証実験
1,2012/1/11,http://dummy/,ＡＩが「偽トランプ節」　ＭＩＴ研究者開発、ツイッターで  
1,2012/1/12,http://dummy/,質問の意味を理解して回答を探すFAQエンジン、NTTコムがサービス提供
1,2012/1/13,http://dummy/,NECと福田道路、ディープラーニングで「舗装損傷診断システム」を共同開発
1,2012/1/14,http://dummy/,パナソニックと産総研、業務支援システムなど開発の先進型AI連携研究ラボ
1,2012/1/15,http://dummy/,CData、Google機械学習ライブラリとODBCデータソースを連携させる製品
1,2012/1/16,http://dummy/,NTT、ネットワーク障害の原因を推定するAI技術を開発
1,2012/1/17,http://dummy/,Apple、GoogleらのAI（人工知能）普及団体に参加
1,2012/1/18,http://dummy/,IBM POWER8対応ディープラーニング開発ツール群「IBM PowerAI」が「TensorFlow」フレームワークをサポート
1,2012/1/19,http://dummy/,PFNの深層学習フレームワーク「Chainer」が大幅な高速化へ、分散処理に対応
1,2012/1/20,http://dummy/,米IBM、機械学習ソフトウエア群「PowerAI」でGoogleの「TensorFlow」をサポート
1,2012/1/21,http://dummy/,丸紅新電力と日本気象協会、AIで電力需要を予測する実証試験を開始
1,2012/1/22,http://dummy/,トンネル工事にＡＩ　発破後の安定度を予測  
1,2012/1/23,http://dummy/,Appleが横浜に設置の人工知能研究開発拠点、菅官房長官が視察！3月までに稼働！
1,2012/1/24,http://dummy/,ＡＩ活用し道路補修効率化　千葉市・東大など共同実験  
1,2012/1/25,http://dummy/,ＡＩで生産ライン制御　オムロンが新サービス 熟練技術者の技を代替
1,2012/1/26,http://dummy/,ダボス会議、ＡＩ導入「第４次産業革命」焦点 
1,2012/1/27,http://dummy/,中央省庁職員の働き方改革へＡＩ活用検討　官房長官表明
1,2012/1/28,http://dummy/,人工知能が脳波を読み取り自動作曲　聞いたら本当に気分が高揚した
1,2012/1/29,http://dummy/,政府のＡＩ関連予算、異例の前年度比約17億円増へ
1,2012/1/30,http://dummy/,AIビジネス推進へ新ビジネスコミュニティを設立--マイクロソフトの平野社長
1,2012/1/31,http://dummy/,Baidu、Microsoft幹部のリュー博士を引き抜きCOOに──「世界のAIリーダーを目指す」
1,2012/2/1,http://dummy/,Google、機械学習で低解像度画像をシャープに見せる「RAISR」をサービスで実用化
1,2012/2/2,http://dummy/,「もっとゆっくり」効果的な謝罪、ＡＩが指南 
1,2012/2/3,http://dummy/,気分晴れる曲をＡＩで作曲　阪大など、脳波調べ自動で  
1,2012/2/4,http://dummy/,土砂災害、ＡＩで検知 国総研と産総研、高精度センサー開発へ
1,2012/2/5,http://dummy/,人工知能・ワトソン2世「IBM MERA」は介護に特化…将来的にPepperにも搭載か
1,2012/2/6,http://dummy/,日立、ＩｏＴで働き方改革へ米社と提携　職場をＡＩ解析・助言  
1,2012/2/7,http://dummy/,AIの産業化イメージを3フェーズで提示、人工知能技術戦略会議が開催
1,2012/2/8,http://dummy/,ＡＩ導入に伴う問題議論「国際的枠組み必要」　内閣府報告
1,2012/2/9,http://dummy/,ノーベル賞学者がＡＩの未来討論　２月26日、東京で
1,2012/2/10,http://dummy/,Microsoft、AI研究のカナダMaluubaを買収へ
1,2012/2/11,http://dummy/,収益不動産のビッグデータと人工知能(AI)を活用して新たに非公開物件対応サービスを提供開始
1,2012/2/12,http://dummy/,AIでベテラン技師の精度を実現、ボイラー燃料調整を自動化 
1,2012/2/13,http://dummy/,三菱UFJ、コールセンターの統合を検討。AI活用し業務最適化
1,2012/2/14,http://dummy/,タイヤ生産システムにAI技術搭載の分析プラットフォームを提供
1,2012/2/15,http://dummy/,Watson日本語版を活用したチャット型社内ヘルプデスクサービス「AI-Q」
1,2012/2/16,http://dummy/,SHIFT PLUS、AIを活用した自動応答のカスタマーサポートサービス実証実験
1,2012/2/17,http://dummy/,ＳＩ、ＥＣサイト構築ソフト機能強化で他社と提携　ＡＩ活用など
1,2012/2/18,http://dummy/,Studio Ousiaが人工知能質問応答システム「QA Engine」をリリース、freeeのチャットサポートで運用を開始
1,2012/2/19,http://dummy/,MAGELLAN BLOCKS 機械学習サービス αリリースを開始
1,2012/2/20,http://dummy/,LinkedIn創始者ら、社会に利するAIに向けた基金を設立
1,2012/2/21,http://dummy/,RemedyはKhosla Venturesが支援するAI利用の低料金遠隔医療サービス
1,2012/2/22,http://dummy/,内閣府ら主催のAIコンテスト、お題はクックパッド投稿データの「画像認識」
1,2012/2/23,http://dummy/,CTC、AI普及に向け機械学習/深層学習フレームワーク提供のグリッドと協業
1,2012/2/24,http://dummy/,ＬＧエレクトロニクス、人工知能を活用したスマートフォンのアフターサービスを提供
1,2012/2/25,http://dummy/,機械学習向けアクセラレータの新シリーズを発売
1,2012/2/26,http://dummy/,五輪控えＡＩで不審者検出　三菱電機、高齢者ら支援も
1,2012/2/27,http://dummy/,ＡＩ活用融資で顧客拡大　みずほＦＧ 佐藤社長
1,2012/2/28,http://dummy/,チャイナモバイルのAI顧客対応サービス「EVA」人件費大幅削減に成功
1,2012/2/29,http://dummy/,欧州トラック分野のトップサプライヤー「ＺＦ」、NVIDIAとＡＩベースの自動運転システムを発表
1,2012/3/1,http://dummy/,官民で日本語認識ＡＩを開発へ　病院や自動車との対話システムも　総務省が夏までに計画策定
1,2012/3/2,http://dummy/,運搬ロボット、ＡＩで自動走行　シーオスが開発  
1,2012/3/3,http://dummy/,社内問い合わせにＡＩが回答　損保ジャパン、２月から実験
1,2012/3/4,http://dummy/,ＡＩ使ったアプリで英会話応援　IBM「ワトソン」活用 
1,2012/3/5,http://dummy/,「これ、どこの写真？」が分かる　賢い画像検索 
1,2012/3/6,http://dummy/,アルファ碁」改良、連戦連勝 囲碁ＡＩ、ネット対局でトップ級棋士に 
1,2012/3/7,http://dummy/,オンキヨー、声で操作できるスピーカー開発へ　ＡＩ活用  
1,2012/3/8,http://dummy/,フリービット、機械学習/AIによるビッグデータ分析に特化したSIサービスを開始
1,2012/3/9,http://dummy/,中国銀行、AIベンチャーのゼネリックソリューションとFinTechで協業
1,2012/3/10,http://dummy/,日産の自動運転では人間のオペレーターがAIを遠隔サポート、ゴーンCEOの基調講演
1,2012/3/11,http://dummy/,中国・華為、アマゾンのＡＩ使うスマホ　米開拓の目玉に  
1,2012/3/12,http://dummy/,日本オラクル、ＡＩのビジネス分析ツール提供  
1,2012/3/13,http://dummy/,トヨタ、ＡＩ車開発を加速　米家電見本市６日開幕  
1,2012/3/14,http://dummy/,米エヌビディア、自動運転向けＡＩで独ボッシュなどと提携
1,2012/3/15,http://dummy/,商船三井、ＡＩで船の衝突回避　危険性を診断 
1,2012/3/16,http://dummy/,ベルシステム24、ＡＩ活用したコールセンター
1,2012/3/17,http://dummy/,タマゴ形ロボット、ＡＩで対話　パナソニックが試作
1,2012/3/18,http://dummy/,佐賀大学とオプティム　ＡＩ活用、医療技術共同研究  
1,2012/3/19,http://dummy/,ＡＩに公的認証制度　総務省方針、開発・普及促す
1,2012/3/20,http://dummy/,ＡＩ専用のコンピューター、中小に貸し出し　産総研  
1,2012/3/21,http://dummy/,デンソーとNEC、AIやIoTを活用した高度運転支援・自動運転で協業
1,2012/3/22,http://dummy/,Apple、初の人工知能（AI）関連の論文発表
1,2012/3/23,http://dummy/,freee、2018年末までに経営分析や未来予測などAIを活用したサービスを開発
1,2012/3/24,http://dummy/,韓国ロッテ、ＡＩでＩＢＭと提携
1,2012/3/25,http://dummy/,AI転職マッチングプラットフォーム「mitsucari」を展開するミライセルフ、京都大学イノベーションキャピタルから7
1,2012/3/26,http://dummy/,人工知能搭載の学習プラットフォーム「WALS」にキャリア機能追加
1,2012/3/27,http://dummy/,局所の天気、ＡＩで予測　エコモットがシステム開発
1,2012/3/28,http://dummy/,医療に人工知能活用　佐大とオプティム共同研究 [佐賀県]
1,2012/3/29,http://dummy/,富国生命、支払査定業務にWatsonを利用 - 業務処理の負担を30％程度削減
1,2012/3/30,http://dummy/,将棋ソフト「Ponanza」開発者を擁するHEROZ、バンナムと資本・業務提携
1,2012/3/31,http://dummy/,ＡＩで顧客の感情分析　損保ジャパン、保険金支払い円滑化  
1,2012/4/1,http://dummy/,NTTデータとLeapMind、ディープラーニングによるSNS投稿解析ツール共同開発
1,2012/4/2,http://dummy/,佐賀大学とオプティム、AIによる眼底画像診断など未来型医療の研究成果を発表
1,2012/4/3,http://dummy/,野村不動産アーバンネットの不動産情報サイト、人工知能活用したチャット型Q＆A サービスを開始
1,2012/4/4,http://dummy/,トヨタも米でＡＩ開発
1,2012/4/5,http://dummy/,「ＡＩ普及後、米で数百万人失職」　オバマ政権が可能性指摘
1,2012/4/6,http://dummy/,ＬＧ電子がＡＩ家電　冷蔵庫など17年にも発売  
1,2012/4/7,http://dummy/,野村不動産ＨＤ、不動産売買の疑問にＡＩが回答
1,2012/4/8,http://dummy/,ＡＩ研究・開発で連携 理研・奈良先端大など、けいはんな拠点
1,2012/4/9,http://dummy/,ブレイン・ラボがHEROZと業務提携、「brain insight matching」を開発決定、プロ棋士を破った将棋人工知能技術で未来の「はたらく」を変革する一手を
1,2012/4/10,http://dummy/,Microsoftがインドで目の健康のために機械学習を活用、Google DeepMindに対抗
1,2012/4/11,http://dummy/,NECが創薬事業の新会社を設立、自社開発AIで実験データを解析
1,2012/4/12,http://dummy/,横浜銀、ＡＩ会計で融資の審査期間半分に  
1,2012/4/13,http://dummy/,東北大、スピントロニクス素子を使った人工知能の動作実証に成功
1,2012/4/14,http://dummy/,ＮＥＣ、監視カメラに映った人の視線をＡＩで解析  
1,2012/4/15,http://dummy/,営業アシスタントAIのConversicaがシリーズBで3400万ドルを調達
1,2012/4/16,http://dummy/,ＡＩで手軽に需要予測　プログラムの知識不要　グルーヴノーツ
1,2012/4/17,http://dummy/,ＮＥＣ、ＡＩでビッグデータ解析　専門家不足に対応  
1,2012/4/18,http://dummy/,医療文書作成、ＡＩで下書き　シェアメディカルが開発 
1,2012/4/19,http://dummy/,アウディが人工知能による全自動駐車技術を発表。スペースの確保から駐車まで
1,2012/4/20,http://dummy/,ドコモの人工知能自然対話システム、「ロボホン」も利用可能に
1,2012/4/21,http://dummy/,ALBERT、新製品 Proactive AI(プロアクティブ エーアイ)を提供開始 〜人工知能・機械学習を駆使するチャットボット型接客ツール〜
1,2012/4/22,http://dummy/,AI技術を活用したデータ分析自動化の実証実験について
1,2012/4/23,http://dummy/,日立システムズPS、IoT+AIでごみ焼却炉の運転効率を向上させるPoCサービス
1,2012/4/24,http://dummy/,子供の感情をAIが分析…学習意欲を高める教育支援ロボ「MONICA」登場
1,2012/4/25,http://dummy/,世界初！「五感」搭載AI-ロボカメラ アースアイズ　 2017年1月より店舗向けee1-R発売！
1,2012/4/26,http://dummy/,TMJ、Watsonを活用したコールセンター向けフィジビリティスタディサービス
1,2012/4/27,http://dummy/,口コミ分析2000円から　ＡＩ活用  
1,2012/4/28,http://dummy/,三菱ＵＦＪ銀、訪日客の購入情報を販売　中国ＳＮＳ分析  
1,2012/4/29,http://dummy/,人工知能サービス「Google アシスタント」が日本語に対応！AndroidとiPhoneなどのiOS向け新世代のメッセンジャーアプリ「Allo」で利用可能 
1,2012/4/30,http://dummy/,リクルート、人工知能を活用した営業アシスタントサービスを提供するConversica
1,2012/5/1,http://dummy/,Audit Analytics、データを活用した手続の深化により監査品質のさらなる高度化へ
1,2012/5/2,http://dummy/,クリーク・アンド・リバー社:人工知能(AI)が解析するソーシャルメディア解析ツールの提供を開始
1,2012/5/3,http://dummy/,マイクロソフト、翻訳アプリをリリースへ−ＡＩでグーグルなどに対抗
1,2012/5/4,http://dummy/,米マイクロソフト、ＡＩ特化のファンド　カナダ社に出資  
1,2012/5/5,http://dummy/,三井住友銀、サイバー防御にＡＩ活用　迅速に対応  
1,2012/5/6,http://dummy/,米Amazon Web Services、ボット作成・音声合成・画像解析の3つのAIサービスを発表
1,2012/5/7,http://dummy/,AIがストレスケア必要な社員を予測。日立ソリュ、人事関連業務支援サービス
1,2012/5/8,http://dummy/,三井住友銀、サイバー防御にＡＩ活用　迅速に対応  
1,2012/5/9,http://dummy/,IoT、AI、FinTechなど台湾のデジタル化推進で協創
1,2012/5/10,http://dummy/,日本MSなど3者、女子高生AIりんなによる人間との感情共有研究
1,2012/5/11,http://dummy/,日生、ＡＩで保険提案　17年４月にも本格稼働  
1,2012/5/12,http://dummy/,手本は人の脳　デンソー、低価格・省電力化でAI車載へ  
1,2012/5/13,http://dummy/,日生、ＡＩで保険提案　17年４月にも本格稼働
1,2012/5/14,http://dummy/,ホンダ、AI技術「感情エンジン」を搭載したEVコンセプトカーを発表
1,2012/5/15,http://dummy/,理研や京大、オムロンなどＡＩで連携　医療・健康、介護向け  
1,2012/5/16,http://dummy/,Google、人工知能エージェント学習プラットフォームをオープンソース化
1,2012/5/17,http://dummy/,SAS、AI技術を融合した需要予測ソリューションの最新版
1,2012/5/18,http://dummy/,ワードにＡＩ　視覚障害者向け写真説明を自動生成
1,2012/5/19,http://dummy/,インテル、CPUに最適化した人工知能(AI)の普及戦略を解説
1,2012/5/20,http://dummy/,サイバーエージェント、チャット内容からユーザーに応じた情報をプッシュ通知で配信する機能を開発
1,2012/5/21,http://dummy/,AI開発者マッチングのジェニオ、AI開発のAtionsとAI活用サービスで事業提携
1,2012/5/22,http://dummy/,ユナイテッド・ヘルスコミュニケーション　ＡＩと専門家のコラボでメンタルヘルスを支援“ウィティ”発表
1,2012/5/23,http://dummy/,AIビジネス市場は2030年度に2兆円規模に、2015年度の14倍
1,2012/5/24,http://dummy/,東レエンジニアリングがＡＩで工程管理やプラント効率化
1,2012/5/25,http://dummy/,Microsoftが新たな人工知能チャットボット「Zo」を公開
1,2012/5/26,http://dummy/,Uberが人工知能の研究施設を開設、フードデリバリーから自動運転車まで各事業に展開
1,2012/5/27,http://dummy/,融雪システム、ＡＩ活用　エコモット　北大ＶＢと共同開発
1,2012/5/28,http://dummy/,独シーメンス、ＩｏＴで米ＩＢＭ「ワトソン」と連携
1,2012/5/29,http://dummy/,アップルが秘密主義から一転、人工知能の研究成果を発表へ--米報道
1,2012/5/30,http://dummy/,ALBERT、24億円の資金調達を完了〜自動運転・ヘルスケア・IoT領域等への人工知能活用に積極投資〜
1,2012/5/31,http://dummy/,「AI関連企業」をAIで選別する指数を野村証券が開発。ETFを上場へ
1,2012/6/1,http://dummy/,日本初！FXサービスにシルバーエッグ・テクノロジーの AI技術を駆使したリアルタイム・レコメンド機能を搭載
1,2012/6/2,http://dummy/,IBMが「Watsonでサイバー防御」のベータ運用開始、三井住友銀行が参加
1,2012/6/3,http://dummy/,アマゾン、実店舗へＧＯ　ＡＩで自動会計  
1,2012/6/4,http://dummy/,高齢者の転倒、ＡＩで予防　パナソニック系  
1,2012/6/5,http://dummy/,ＡＩで画像処理、病理診断を支援　インスペック開発参加
1,2012/6/6,http://dummy/,記事の価値、AIが判断――国内新聞社初、産経の新アプリは“AIが編集”
1,2012/6/7,http://dummy/,アウディAG、人工知能のディープラーニングによる自動パーキングを実演
1,2012/6/8,http://dummy/,新・不動産管理システム「みらいえ」リリース。「直感操作」と「人工知能（AI）」で集客・成約をサポート 
1,2012/6/9,http://dummy/,産総研、日本の知見生かしたロボット用ＡＩ開発?専用スパコン導入 
1,2012/6/10,http://dummy/,阪大、医療にＡＩ ｉＰＳ細胞やがん画像を識別、産学で勉強会
1,2012/6/11,http://dummy/,マイクロソフトのAIチャットボット「Zo」が先行公開--政治の話には乗らず
1,2012/6/12,http://dummy/,JALがWatsonを試験導入、ハワイ旅行関連の質問にチャットで返答
1,2012/6/13,http://dummy/,FRONTEO、転倒・転落の予兆を察知する「転倒転落予測システム」ベータ版
1,2012/6/14,http://dummy/,カゴメ、モバイルヘルスケアや人工知能のFiNCと協業
1,2012/6/15,http://dummy/,ＡＩが国会答弁下書き　経産省が実証実験  
1,2012/6/16,http://dummy/,ユナイテッド・ヘルス、メンタルヘルスにＡＩが助言選択
1,2012/6/17,http://dummy/,そろばん式暗算にAI導入、暗算教室・東大研究室が共同開発
1,2012/6/18,http://dummy/,東電ＨＤ、電力向けＡＩの米ベンチャーに出資　ノウハウ吸収  
1,2012/6/19,http://dummy/,タクシー配車にビッグデータやＡＩ活用　モバクリ　アプリ普及へ  
1,2012/6/20,http://dummy/,AWS HD、ソフトバンクとIBM Watsonエコシステムパートナー契約を締結
1,2012/6/21,http://dummy/,米フェイスブック、ＡＩ理解促進へ解説ビデオ
1,2012/6/22,http://dummy/,商船三井、船舶IoTやAIの活用を推進する「スマートシッピング推進室」を新設
1,2012/6/23,http://dummy/,音声を高い精度で文字に、京大　ＡＩ技術を導入
1,2012/6/24,http://dummy/,ソフトバンクと京都府、ＡＩやロボで地域活性化  
1,2012/6/25,http://dummy/,臨海と柏にＡＩ研究施設を建設　産総研
1,2012/6/26,http://dummy/,ジャストシステム、ディープラーニングを取り入れた「ATOK 2017」
1,2012/6/27,http://dummy/,Facebook、ライブ動画の不適切コンテンツ検出にAIを導入か
1,2012/6/28,http://dummy/,AIで人や組織のパフォーマンス最大化、日立ソリューションズの「リシテア/AI分析」
1,2012/6/29,http://dummy/,AIでタクシー配車を最適化、NTTドコモと名古屋のつばめタクシー
1,2012/6/30,http://dummy/,米アマゾン、ＡＩの実用化支援　クラウドサービスで  
1,2012/7/1,http://dummy/,米IBM、ディープラーニングエンタープライズソリューションでNVIDIAと提携
1,2012/7/2,http://dummy/,日立造船、ごみ焼却発電をＡＩで監視　不具合を予知  
1,2012/7/3,http://dummy/,新規問い合わせ率が約2.5倍に--AIがサイト改善策を提案
1,2012/7/4,http://dummy/,富士通、世界最速クラスのディープラーニング基盤とAI関連サービスを提供
1,2012/7/5,http://dummy/,NTTコムウェア、AIを利用する補修が必要な道路の検出システム
1,2012/7/6,http://dummy/,導入に踏み切れない企業にIBM Watsonを使った「おてがるデータ分析環境サービス」- 情報技術開発
1,2012/7/7,http://dummy/,NTT西日本など、大阪でAI搭載ロボットによる観光案内の実証実験
1,2012/7/8,http://dummy/,井山王座 VS ＡＩ、新たな囲碁国際戦 大阪で来年３月 
1,2012/7/9,http://dummy/,がん治療にＡＩ活用　国立がんセンターなど、超早期診断めざす  
1,2012/7/10,http://dummy/,ＡＩとつながる英会話ロボ開発　ＣＡＩメディア
1,2012/7/11,http://dummy/,電機各社、ＡＩに３年で3000億円投資
1,2012/7/12,http://dummy/,ＦＲＯＮＴＥＯ、文章解析ＡＩの導入支援 
1,2012/7/13,http://dummy/,人工知能を活用したモデルのリテールバンキング業務への本格導入について
1,2012/7/14,http://dummy/,人工知能がニッチ技術とメーカー技術者の仲を取り持つ。技術系マッチングサイト「TEC-PAL」始動
1,2012/7/15,http://dummy/,AIで顧客対応を効率化、日本ユニシスが新サービス
1,2012/7/16,http://dummy/,NECがSI子会社2社を統合、AIやIoTへ要員を集結
1,2012/7/17,http://dummy/,女性向けにAIでお出かけプランを作成するアプリ「Deaps」 - Deaps Technologies
1,2012/7/18,http://dummy/,広島銀、ＡＩ活用したスマホアプリ
1,2012/7/19,http://dummy/,ＮＥＣ、雑踏の中でも音聞き分けるＡＩ  
1,2012/7/20,http://dummy/,エニドア、AI向け多言語機械学習データ作成サービスをリリース
1,2012/7/21,http://dummy/,サイバーエージェントが米イェール大研究者と連携、経済学とAIをアドテクに応用
1,2012/7/22,http://dummy/,Pepperが介護業務を支援するロボアプリ「ケア樹あそぶ for Pepper」発売
1,2012/7/23,http://dummy/,物流システム、ＡＩ活用で協業　フレームワークス
1,2012/7/24,http://dummy/,DeepMindのAI、読唇でも人間のプロに勝つ
1,2012/7/25,http://dummy/,スマホに触れず音楽再生やSMS送信…AI搭載カーデバイス「Dashbot」
1,2012/7/26,http://dummy/,産総研、ＡＩ特化のスパコン開発に着手　深層学習で世界一狙う
1,2012/7/27,http://dummy/,米AKA、人工知能搭載の英語学習ロボット「Musio」を発表
1,2012/7/28,http://dummy/,Microsoft、ニューラルネットワークを使った翻訳機能を実装開始
1,2012/7/29,http://dummy/,Google翻訳、機械学習の結果から日本語と韓国語の直接翻訳に成功
1,2012/7/30,http://dummy/,インフォメティスと日東工業、AIを利用した電気代の見える化
1,2012/7/31,http://dummy/,データセクション、ＡＩ分野を軸に増収増益
1,2012/8/1,http://dummy/,ＡＩ融資で新会社　みずほとソフトバンク、17年春にも
1,2012/8/2,http://dummy/,AI（人工知能）を活用した店舗開発「店舗適地診断サービス」の開始
1,2012/8/3,http://dummy/,グーグルのDeepMind、読唇術で人間の専門家に勝つ
1,2012/8/4,http://dummy/,Google、カナダに人工知能の研究グループを設置
1,2012/8/5,http://dummy/,人工知能（AI）とコンシェルジュ連携の24時間対応新サービス　『沖縄AIチャットコンシェルジュ（β版）』開始
1,2012/8/6,http://dummy/,AIと共同で制作した楽曲披露するチャリティーコンサート 東京都市大で
1,2012/8/7,http://dummy/,国産囲碁ＡＩ、プロに惜敗　趙名誉名人に１勝２敗  
1,2012/8/8,http://dummy/,三菱商事、ＩＢＭ「ワトソン」を社内導入?AIが社員の問い合わせに応答 
1,2012/8/9,http://dummy/,AIスタートアップのABEJA、自社SaaSの深層学習プラットフォームをPaaS化
1,2012/8/10,http://dummy/,GoogleとIntel、AIとIoTで戦略的提携──TensorFlowのIA最適化など
1,2012/8/11,http://dummy/,NRI、2022年までのVRやシェアリングエコノミー、AIなどを動向解説
1,2012/8/12,http://dummy/,不正会計、ＡＩで監視　新日本監査法人が開発へ  
1,2012/8/13,http://dummy/,ネスレと日本ＩＢＭ、ＡＩで顧客対応  
1,2012/8/14,http://dummy/,LOHACO／LINEの法人向け新カスタマーサポートサービス導入
1,2012/8/15,http://dummy/,Automagi、在庫適正化や欠品回避に利用できるAIソリューションを提供
1,2012/8/16,http://dummy/,慶大のＡＩ、医師試験合格に近づく　正答率55％超に  
1,2012/8/17,http://dummy/,三菱重・日立・タタ、石炭火力をＡＩで効率化  
1,2012/8/18,http://dummy/,人工知能「SENSY(センシー)」「IBM Watson」を活用したチャットボット「SENSY bot」のβ版をリリース
1,2012/8/19,http://dummy/,企業向けウイルスバスター「XG」発表、AIによる機械学習と従来技術をブレンド
1,2012/8/20,http://dummy/,MSの機械学習サービス「Azure ML」が東日本リージョンで利用可能に
1,2012/8/21,http://dummy/,企業のAIやIoTなどの研究開発、2017年度税制改正で検討
1,2012/8/22,http://dummy/,ToDo管理アプリ「Todoist」、秘書AI「スマートスケジュール」を搭載
1,2012/8/23,http://dummy/,訪日旅行 ＡＩが助言　ＫＮＴ、旅館などに多言語チャット提供
1,2012/8/24,http://dummy/,Google翻訳システム「人工知能技術」統合…日本語も対象
1,2012/8/25,http://dummy/,SSP「fluct」、人工知能搭載のDSP「Logicad」と連携開始
1,2012/8/26,http://dummy/,AIによる投資物件の配信サービス「VALUE」がLINE対応開始
1,2012/8/27,http://dummy/,約20年後、AIで日本の経済成長率は3倍以上に　アクセンチュア調べ
1,2012/8/28,http://dummy/,AIを活用した防犯ロボットカメラの店舗向けモデルが先行発売へ
1,2012/8/29,http://dummy/,インテリムとU-NEXTマーケティングが、AIを用いたメディカルコールセンターの提供について協業を開始
1,2012/8/30,http://dummy/,アストマックス投信投資顧問、AIとヤフーのビッグデータを活用したファンド商品を発表
1,2012/8/31,http://dummy/,高齢者見守り　ＡＩが「ＥＹＥ」に
1,2012/9/1,http://dummy/,セールスフォース・ドットコムが機械学習プラットフォーム「Einstein」の説明会
1,2012/9/2,http://dummy/,Microsoft、Elon Musk氏が支援するAI研究機関「OpenAI」と提携
1,2012/9/3,http://dummy/,ベルシステム24は11月9日、「CX TECHNOLOGY FORUM 2016 〜『人工知能と共存する』コンタクトセンターテクノロジーの展望〜」を東京で開催した。このイベントは、効率的かつ高度な対応を求められるコンタクトセンターにおけるAI活用について考察するもの。
1,2012/9/4,http://dummy/,ＧＥ、ＡＩベンチャー２社買収　ＩｏＴビジネス強化
1,2012/9/5,http://dummy/,グーグル、企業向けＡＩ強化へ新組織  
1,2012/9/6,http://dummy/,広島銀がスマホアプリ　口座開設、ＡＩで質問回答
1,2012/9/7,http://dummy/,サイバー攻防「ＡＩ対ＡＩ」に　富士通など侵入パターン解析  
1,2012/9/8,http://dummy/,Nextremer、早稲田大学高等研究所と量子アニーリングを用いた人工知能の共同研究を開始
1,2012/9/9,http://dummy/,人工知能「東ロボくん」、自動求解により東大模試数学で偏差値76.2を記録
1,2012/9/10,http://dummy/,テンプHDが200億円のIT投資へ、AI活用した求人管理システムやベンチャー支援に
1,2012/9/11,http://dummy/,ISSCC 2017の国内会見、ディープラーニング向けプロセッサの論文が増加
1,2012/9/12,http://dummy/,システムリサーチ、Watsonを利用した分析ソリューションパッケージを提供
1,2012/9/13,http://dummy/,日本IBM、コールセンター向けに音声キャプチャーソリューション
1,2012/9/14,http://dummy/,ＱＵＩＣＫ、ＡＩ使った速報ニュースを配信　きょうから
1,2012/9/15,http://dummy/,仏ヴァレオ、人工知能開発企業の株式50％を取得
1,2012/9/16,http://dummy/,人工知能がビルの課題を分析、最大10％の省エネに
1,2012/9/17,http://dummy/,韓国型人工知能　人間と初のクイズ対決
1,2012/9/18,http://dummy/,Ｋ−ＰＯＰコンテンツに人工知能を結合、ＳＭとＳＫＣ＆Ｃが組む
1,2012/9/19,http://dummy/,オークマ、工作機械にＡＩ搭載　故障リスク自ら診断 
1,2012/9/20,http://dummy/,SCSK、AI対話型Webエージェント「Desse」を機能強化しスマートフォンに対応
1,2012/9/21,http://dummy/,有効活用可能なデータの最大化をけん引するのはコグニティブ(AI) - IDC調査
1,2012/9/22,http://dummy/,Google「DeepMind」の人工知能は赤ん坊のように「触って覚える・判別する」能力を学習したとの発表
1,2012/9/23,http://dummy/,人工知能・ロボット・ヘルスケアベンチャーのセブンドリーマーズ60億円の大型資金調達を実施
1,2012/9/24,http://dummy/,シリーズＡ資金調達を完了＝人工知能技術の米ＯｂＥＮ
1,2012/9/25,http://dummy/,NTTソフトとOKWAVE、コンタクトセンター向けにAI活用の新機能
1,2012/9/26,http://dummy/,ＡＩ「ワトソン」が学生に進路指導　日本ＩＢＭと金沢工大  
1,2012/9/27,http://dummy/,AIで絶滅危惧種を追跡--グーグル「TensorFlow」で海の写真からジュゴンを検出
1,2012/9/28,http://dummy/,ヤフーがAIで資産運用、月間700億PVのビッグデータで将来の「スター銘柄」発掘
1,2012/9/29,http://dummy/,Honda、AIを使った対話型インターフェースソフトウェアの基礎技術を開発
1,2012/9/30,http://dummy/,国内航空券販売におけるチャット×AIでの問い合わせ対応開始　〜LINE・Facebook Messengerにていつでもお問い合わせが可能に〜
1,2012/10/1,http://dummy/,AIとビッグデータで投資判断　ヤフーグループの投資信託「Yjamプラス！」登場
1,2012/10/2,http://dummy/,Nextremer、高速道路SAでAI使った対話接客システムを実証実験
1,2012/10/3,http://dummy/,富士通、AIデータ解析と匿名技術を活用し医師の診察を支援する新システム
1,2012/10/4,http://dummy/,キヤノンやホンダなど、理研のＡＩ研究に参加
1,2012/10/5,http://dummy/,人工知能「あい」が質問の意図をくんで返答　OKWAVEが新サービス
1,2012/10/6,http://dummy/,“アメーバ”みたいな人工知能が人員配置やエネルギー管理を最適化
1,2012/10/7,http://dummy/,IDCフロンティアとデータアーティストが資本・業務提携
1,2012/10/8,http://dummy/,快適な睡眠をサポートし、そっと起こしてくれる人工知能マットレスパット『MOORING』で快眠を
1,2012/10/9,http://dummy/,中部経済新聞、人工知能が書いた記事を紙面に展開
1,2012/10/10,http://dummy/,佐賀のIT企業が高等専門学校でAI講座　人工知能の人材育成目指す
1,2012/10/11,http://dummy/,DeepZenGoは「昨年のAlphaGoと同等以上」、趙治勲名誉名人と対戦へ
1,2012/10/12,http://dummy/,"会議支援AIやロボットの活用も - イトーキが提案する「近未来の""""行く価値がある""""オフィス」"""""
1,2012/10/13,http://dummy/,仙台の起業家支援施設、ＡＩやＩｏＴ人材を育成  
1,2012/10/14,http://dummy/,人工知能「東ロボくん」 東大を断念
1,2012/10/15,http://dummy/,富士通研究所とFRDC、人工知能モデルを活用した高精度の手書き文字列認識技術を開発
1,2012/10/16,http://dummy/,ビットエー、米Articoolo.Incと提携。国内初となる人工知能ライティングツールの運用を開始
1,2012/10/17,http://dummy/,JR東、IoT・AI導入を本格化　20年後見据えた技術戦略を策定
1,2012/10/18,http://dummy/,カブク、三菱商事と業務提携 - 「Rinkak MMS Connect」の機能を拡張
1,2012/10/19,http://dummy/,人工知能ロボット「Kibiro」に1台限定の歌舞伎バージョン。税込約136万円、新宿伊勢丹の2017年夢袋として
1,2012/10/20,http://dummy/,人工知能を活用し楽曲自動創作　大谷教授が研究
1,2012/10/21,http://dummy/,Samsung、次期スマホ「Galaxy S8」にAIアシスタントを搭載か
1,2012/10/22,http://dummy/,Amazon、音声アシスタントの“スキル”をeコマースサイトで展開
1,2012/10/23,http://dummy/,クリスタ開発元のセルシス、AI研究のためイラストデータを募集
1,2012/10/24,http://dummy/,JR東日本にも技術提供、オープン化で輝く米名門研究所
1,2012/10/25,http://dummy/,「経済ＡＩ」瞬時に回答 株・為替・金利…記事やデータ解析
1,2012/10/26,http://dummy/,新電力エネット、ＡＩでオフィス節電支援　パリ協定にらむ  
1,2012/10/27,http://dummy/,「深層学習」１つのチップで　東芝、省電力で処理  
1,2012/10/28,http://dummy/,ＰＡＬ、ＡＩで人員最適配置　北大と提携し物流向け開発へ  
1,2012/10/29,http://dummy/,首都高、補修箇所をＡＩが指示　開発費は数年で回収  
1,2012/10/30,http://dummy/,Googleの人工知能、囲碁の次はStar Craft IIで人間と勝負
1,2012/10/31,http://dummy/,「販促隊長」は人工知能　講談社、異色のファン獲得大作戦
1,2012/11/1,http://dummy/,ARI、コールセンターの負荷軽減などを図る機械学習FAQ製品を提供
1,2012/11/2,http://dummy/,ＫＤＤＩ総研、糖尿病を兆候前から判定　ＡＩで予測  
1,2012/11/3,http://dummy/,人工知能があなたに似合う「メガネ」を判定！画期的な新サービスが話題に
1,2012/11/4,http://dummy/,人工知能で、訪問介護ヘルパーの訪問先とルーティングを最適化する「ユアマネージャー」がサービスを開始??まずは横浜から
1,2012/11/5,http://dummy/,WACUL、AIアナリストの登録数が7000サイトを突破
1,2012/11/6,http://dummy/,司書はペッパー！パナソニックがAIとロボットが働く蔵書管理システム
1,2012/11/7,http://dummy/,人工知能（AI）とエンターテインメントの次世代逆求人サイトOFFER CHRONICLE(オファークロニクル) 11/1(火) オープン！新卒者向け！
1,2012/11/8,http://dummy/,Adobeが人工知能「アドビ先生」発表　名前の由来は？
1,2012/11/9,http://dummy/,サムスン、英ＡＩベンチャーに出資
1,2012/11/10,http://dummy/,AI Travel、出張予約に特化した簡単手配アプリ
1,2012/11/11,http://dummy/,裁判判決の結果を、約8割の確率で正確に予想できる人工知能がお目見え
1,2012/11/12,http://dummy/,NECの人工知能は5つの質問だけで「うまい棒」の好みを当てる
1,2012/11/13,http://dummy/,グーグルの人工知能、自ら情報の「暗号化」を学ぶ
1,2012/11/14,http://dummy/,人工知能やロボットを医療・介護に 制度見直し検討へ
1,2012/11/15,http://dummy/,人工知能によるレコメンド機能搭載ロボット「Kibiro（キビロ）」予約開始
1,2012/11/16,http://dummy/,データセクション、AIが執筆した新聞記事を中部経済新聞社に提供
1,2012/11/17,http://dummy/,IBM、Watsonを活用した“対話型ショッピングアシスタント”を米社から買収
1,2012/11/18,http://dummy/,シマンテック、「Endpoint Protection 14」の提供を開始--AIを活用
1,2012/11/19,http://dummy/,NEC、コンタクトセンターの問い合わせ対応をAIで支援するソフトを販売
1,2012/11/20,http://dummy/,ファーウェイ、ネットワーク制御の自動化を目指す人工知能「Network Mind」の研究結果を発表
1,2012/11/21,http://dummy/,「SAS Viya」の第1弾としてAI（人工知能）技術搭載の革新的なアナリティクス製品を提供
1,2012/11/22,http://dummy/,東大発ベンチャー企業のモルフォと、今話題のＡＩ（人工知能）を活用した新たな技術分野で業務提携　〜画像診断を初めとした幅広い分野でシステム開発・市場への提供に合意〜
1,2012/11/23,http://dummy/,高齢者向け“ソーシャルメディア仲介ロボット”を開発　〜IoT技術と人工知能の連携により、 ロボットが高齢者と若年層のLINEによるコミュニケーションを仲介〜
1,2012/11/24,http://dummy/,夢真HD、SELFと資本業務提携　AI技術に精通したエンジニアの育成・派遣へ
1,2012/11/25,http://dummy/,三栄ハイテックス、ＡＩとＩｏＴに本格進出
1,2012/11/26,http://dummy/,最先端のオールインワンAIエンジン Qlofune 3.5リリースのお知らせ
1,2012/11/27,http://dummy/,NEC、解析した防犯カメラ映像から特定の人物を検索するAIソフトウェア発売
1,2012/11/28,http://dummy/,NEC、地磁気とディープラーニングを活用した屋内位置の測定技術を開発
1,2012/11/29,http://dummy/,ｉＰＳ細胞、ＡＩで品質管理　京大と理研が共同研究  
1,2012/11/30,http://dummy/,行員の照会にＡＩが回答　日本ＭＳと三井住友銀が開発へ  
1,2012/12/1,http://dummy/,ヤフー、年間340万件の“ユーザーの声”をIBM Watsonで分析　スピードは人の30倍
1,2012/12/2,http://dummy/,オプティム、AIによるリアルタイム画像解析を活用した空席検知サービスを発表
1,2012/12/3,http://dummy/,安藤ハザマら/AIで切羽安定度予測/長大山岳トンネルに展開
1,2012/12/4,http://dummy/,結婚準備の悩み、ＡＩで即答　ウエディングパーク、研究開発組織設立
1,2012/12/5,http://dummy/,自動運転、ＡＩの判断の「根拠」を記録　課題の一つ“事故原因究明”に道
1,2012/12/6,http://dummy/,三井化学とNTTコム、ガス製造工場でのIoT×AI活用の取り組みなど説明
1,2012/12/7,http://dummy/,ブレインパッド、キユーピーの食品工場における不良品の検知をディープラーニングによる画像解析で支援
1,2012/12/8,http://dummy/,デンソーと東芝が自動車向け「AI」技術を共同開発
1,2012/12/9,http://dummy/,東京工科大、AI活用で遺伝子同士の相関関係を見つける手法を開発
1,2012/12/10,http://dummy/,辞書も学習もなしで自然言語を解析、インターシステムズが新製品
1,2012/12/11,http://dummy/,AIを使って採用の優先度を判断 - 三菱総研とマイナビが共同サービス
1,2012/12/12,http://dummy/,電力需要、天気で予測　気象協会がＡＩ活用 
1,2012/12/13,http://dummy/,S＆I、ビッグデータ分析のWatson ExplorerをSaaS化して月額23万円で提供
1,2012/12/14,http://dummy/,IBMとGM、AIベースの車載情報システムで提携
1,2012/12/15,http://dummy/,5年後、Watsonはどうなる? - IBM World of Watson 2016が米国で開幕
1,2012/12/16,http://dummy/,NVIDIA、テスラの自動運転車にＡＩ基盤提供  
1,2012/12/17,http://dummy/,大和総研、金融機関向けにAIを活用したビッグデータ解析支援
1,2012/12/18,http://dummy/,アドバンスト・メディア、音声認識入力システムに深層学習技術を実装
1,2012/12/19,http://dummy/,キユーピー、AIの活用による画像解析で異物混入/不良品の発見精度を向上へ
1,2012/12/20,http://dummy/,「ワトソン」で業務効率化実験　千葉銀など６行、日本ＩＢＭと  
1,2012/12/21,http://dummy/,ＮＥＣと米ＧＥ、ＩｏＴで提携　ＡＩソフトなど販売  
1,2012/12/22,http://dummy/,IBM WatsonとUdacityがパートナーしてネット上に人工知能の単科学位コースを開設（全26週）
1,2012/12/23,http://dummy/,コンカー、AIマーケティング基盤構築に向け「SPEEDA」と実証実験を開始
1,2012/12/24,http://dummy/,日立、人工知能を活用してマーケティング施策を立案するサービス
1,2012/12/25,http://dummy/,日立、ＩｏＴが人の動き分析　最適な作業方法探る 
1,2012/12/26,http://dummy/,ジャパンネット銀、中小融資にＡＩ活用　即日審査可能に  
1,2012/12/27,http://dummy/,アクセンチュア、NTTコミュニケーションズとの協業発表〜人工知能「COTOHA」の国内展開を推進
1,2012/12/28,http://dummy/,ディープラーニングを超える――富士通研究所の「Deep Tensor」は世界に通用するか 
1,2012/12/29,http://dummy/,NEC、混雑状況と人の流れをAIでリアルタイム予測
1,2012/12/30,http://dummy/,クニエ、NTTコムとAIサービスの国内展開で協業
1,2012/12/31,http://dummy/,人工知能で判決を下す「裁判官AI」を開発、訴訟時間の短縮化が可能
1,2013/1/1,http://dummy/,不法行為、人工知能が分析…藤沢市と慶大が試行
1,2013/1/2,http://dummy/,ホワイトハウス「ＡＩの未来に備える」報告書  
1,2013/1/3,http://dummy/,コーリジャパン、AI応用の法人向けオンライン英語学習プログラムを本格販売
1,2013/1/4,http://dummy/,AI insideマーケティング、AIによる手書き文字の読み取りサービスを提供
1,2013/1/5,http://dummy/,AI技術開発のABEJA、小売店など向けのデータ分析クラウドサービスを紹介
1,2013/1/6,http://dummy/,アスクル、ＡＩでメーカーの販促支援  
1,2013/1/7,http://dummy/,「病理診断にＡＩ活用を」　厚労省有識者懇  
1,2013/1/8,http://dummy/,日立ソリューションズが「活文」を展示、AIを活用した紙書類の読み取り機能を紹介
1,2013/1/9,http://dummy/,Microsoft、音声認識技術が「人間レベルに到達」と発表
1,2013/1/10,http://dummy/,NECとSAS、AI技術やアナリティクスソリューションを連携させた製品を開発
1,2013/1/11,http://dummy/,富士通研、機械学習を用いて道路交通の映像を解析する技術を開発
1,2013/1/12,http://dummy/,富士通研究所、会話音声から相手が満足か、不満なのかを特定する技術を開発
1,2013/1/13,http://dummy/,富士通、機械学習が可能なAIを活用したチャットボットサービスを発表
1,2013/1/14,http://dummy/,アップル、米著名ＡＩ研究者をスカウト　締め付け転換か  
1,2013/1/15,http://dummy/,ＩＢＭ、業績に底打ち感　ＡＩ伸びる  
0,2011/11/1,aaa,Microsoft Focus：AIを“暴走させない”ための4つの要素 (1/2)
0,2011/11/1,aaa,"日産やデンソー、理工系を増員　自動運転・ＡＩ開発  
"
0,2011/11/1,aaa,ARMの次世代チップは人工知能にフォーカスした設計になる
0,2011/11/1,aaa,人工知能は「常識」を持てるのか--FacebookのAI研究者が語る
0,2011/11/1,aaa,【読書感想】人工知能の核心
0,2011/11/1,aaa,第11回　人工知能とビジネスにおける問題
0,2011/11/1,aaa,人工知能が作った創作物の権利、現行法上はどうなっているのか
0,2011/11/1,aaa,マーケティングテクノロジーの裏で存在感を発揮するAI(前編)
0,2011/11/1,aaa,"ユーザーローカルの伊藤社長「ＡＩでサービス高度化加速」  
"
0,2011/11/1,aaa,"ＡＩ農業　効率経営の芽　ゲームチェンジ　技術が拓く未来（上）  
"
0,2011/11/1,aaa,ソフトウェアテストの試練（前編）―IoTとAI、ビッグデータの試練を乗り越える開発 (1/4)
0,2011/11/1,aaa,2017年のUCは「AI」と「メッセージング」に注目せよ
0,2011/11/1,aaa,「AlphaGo」は“真の人工知能”からは程遠い、それでも考えたい機械学習のビジネス価値
0,2011/11/1,aaa,真のIoT実現に不可欠な技術 ―― ルネサスが提唱する「e-AI」に迫る
0,2011/11/1,aaa,ＡＩやビッグデータ担う人材　育成へカリキュラム 東大など６大学、18年度完成めざす 
0,2011/11/1,aaa,東大など６大学、ＡＩ活用人材の教育カリキュラム
0,2011/11/1,aaa,人工知能と機械学習はセキュリティも変えるのか？
0,2011/11/1,aaa,Microsoft Focus：AIを“暴走させない”ための4つの要素
0,2011/11/1,aaa,人工知能がもたらす「新しいエンジニア」の時代には、物理学者がテック業界を支配する
0,2011/11/1,aaa,DataRobot使ってAI予測モデル4000個完成。リクルート社内で進む人工知能ツールの民主化
0,2011/11/1,aaa,機械学習スペシャリストが最も高収入--Stack Overflowの英開発者調査
0,2011/11/1,aaa,【材料】AI×アナリストの選定銘柄 第5弾、軟調地合いのなか最高値を更新する銘柄も
0,2011/11/1,aaa,AIが「記事」を書く時代--クエリーアイと西日本新聞が語る“文学”の可能性
0,2011/11/1,aaa,Google、Duoに音声通話モードを導入、Alloには機械学習によるスマートな絵文字・ステッカーの選択機能を導入
0,2011/11/1,aaa,Adobe Summitで見た人工知能によるマーケティングの変化、そして「型」を作るいうこと
0,2011/11/1,aaa,機械学習でPythonが主流になっている必然的な理由とは
0,2011/11/1,aaa,第6回 Python機械学習プログラミング読書勉強会
0,2011/11/1,aaa,AIは人間を超える日は来るのか?人工知能の最新技術
0,2011/11/1,aaa,AIと倫理、燃え上がる議論
0,2011/11/1,aaa,「独走アマゾンにこう勝つ」グーグルの音声ＡＩ戦略
0,2011/11/1,aaa,「アマゾンvsグーグル」音声操作ＡＩで火花  
0,2011/11/1,aaa,ユーザーローカルの伊藤社長「ＡＩでサービス高度化加速」 
0,2011/11/1,aaa,「働き方改革は日本の一丁目一番地」――半歩先の未来を体感できる「HPE Intelligent Spaces」とは!?
0,2011/11/1,aaa,Instagram、消える写真／動画を「ダイレクト」のスレッドに統合
0,2011/11/1,aaa,Adobe、Flash PlayerやAcrobat、Readerなどのアップデートを公開 Flashは優先度「1」
0,2011/11/1,aaa,ミドルウェアの風雲児が目を付けたピュア・ストレージ、データ基盤の再定義へ
0,2011/11/1,aaa,日立、顧客協創を推進するグローバル研究チームを発足、IoTソリューション開発支援を強化
0,2011/11/1,aaa,Microsoft、4月の月例更新を公開　Windows Vistaの更新は今回が最後
0,2011/11/1,aaa,ホワイトペーパー：ついに固定電話と融合、「Skype for Business Online」が実現するUC環境
0,2011/11/1,aaa,AMD、無線VR／ARチップのNitero買収
0,2011/11/1,aaa,Twitter、Periscopeの「ハート」をカスタマイズできる新機能
0,2011/11/1,aaa,半径300メートルのIT：マイコン世代が“IT弱者”に？　“声で操作”の破壊力
0,2011/11/1,aaa,即席！3分で分かるITトレンド：コレ1枚で分かる「操作の無意識化と利用者の拡大」
0,2011/11/1,aaa,マインクラフトにゲーム内ストア誕生へ　独自コインでアイテム購入
0,2011/11/1,aaa,Microsoft Officeの未解決の脆弱性を突く攻撃が横行、メールで届くWordファイルに注意
0,2011/11/1,aaa,アイ・オー・データ機器の無線LANルーター「WN-G300R3」に任意のOSコマンドを実行される脆弱性
0,2011/11/1,aaa,WordPress用プラグイン「WP Statistics」にXSSの脆弱性
0,2011/11/1,aaa,Weekly Memo：AWSを使うとベンダーロックインされるのか　会見で聞いてみた
0,2011/11/1,aaa,Tesla、パナソニックと共同生産の太陽光パネル見積もり受付開始
0,2011/11/1,aaa,コグニティブ技術で銀行の業務変革を支援する「Smart Branch」、日本IBMから
0,2011/11/1,aaa,Adobe、AcrobatとReaderのセキュリティアップデートを4月11日に公開
0,2011/11/1,aaa,ホワイトペーパー：Computer Weekly日本語版：家庭内のIoTデバイスを守れ！（
0,2011/11/1,aaa,変わるWindows、変わる情シス：第20回 ココが知りたい！　5分で分かる「Windows 10」バージョン管理のポイント
0,2011/11/1,aaa,市の警報システムへのハッキングで深夜に全市でサイレン鳴り続ける　テキサス州ダラス
0,2011/11/1,aaa,Microsoft Focus：サポート終了の悪夢再び？　3年後に迫るWindows 7のEOSで起こること（
0,2011/11/1,aaa,Google、検索結果の「ファクトチェック」ラベル表示を世界で開始
0,2011/11/1,aaa,Skypeの「リアルタイム翻訳」が日本語に対応　実際の使用感は
0,2011/11/1,aaa,企業のクラウド活用を「Lift & Shift」で支援――IBMクラウドならではの強みとは
0,2011/11/1,aaa,エヴァン・ウィリアムズ氏、保有するTwitter株式の3割売却へ（
0,2011/11/1,aaa,古賀政純の「攻めのITのためのDocker塾」：第40回 pipeworkでDockerコンテナの送信帯域幅制御を行う（構築編その3）（
0,2011/11/1,aaa,Twitter、サードパーティー開発者の信頼回復目指しAPI統合とロードマップ公開
0,2011/11/1,aaa,Googleマップの偽情報はこうして作られる　Google マイビジネスを悪用する実態を公表
0,2011/11/1,aaa,マルチクラウドの一括管理ソリューションも発表：IBM Bluemix、マイクロサービス開発向けの機能拡充へ
0,2011/11/1,aaa,Apache Struts2の脆弱性、ファイル暗号化のランサムウェアに悪用
0,2011/11/1,aaa,大企業の8割が“デジタルトランスフォーメーションに本腰”　その背景は
0,2011/11/1,aaa,DMP成功まで、あと1センチ（12）：データ分析の結果を、どうビジネスに生かすのか
0,2011/11/1,aaa,YouTube、視聴回数1万未満のチャンネルは広告収入なしに
0,2011/11/1,aaa,ECサイト構築ソフト「CS-Cart」日本語版に複数の脆弱性 個人情報を不正に取得される恐れ
0,2011/11/1,aaa,「Windows 10」のプライバシー設定についてMicrosoftが説明
0,2011/11/1,aaa,先祖返り？ DB不要の日本発プラットフォームで基幹システムをスリム化（
0,2011/11/1,aaa,Facebook、AI採用のリベンジポルノ対策スタート
0,2011/11/1,aaa,仮想化ソフト「Xen」にPVゲスト脱出の脆弱性　仮想環境を破られる恐れ
0,2011/11/1,aaa,国立がん研究センター、治験業務を効率化する「リモートSDVシステム」を構築
0,2011/11/1,aaa,「YouTube TV」スタート　月額35ドルでテレビ番組見放題、クラウドに録画放題
0,2011/11/1,aaa,接客・営業職、7割強がプライベートなSNSアカウントを「顧客に聞かれて教えたことがある
0,2011/11/1,aaa,Amazon.com、子どものゲーム内課金問題で7000万ドル以上返金へ
0,2011/11/1,aaa,働きやすさは「合理的な武器」に　ハンズラボの長谷川流ワークスタイル改革
0,2011/11/1,aaa,就活売り手市場に悲鳴、「デジタルレイバー」に期待を寄せる日本企業
0,2011/11/1,aaa,Computer Weekly：Yahoo!がSpark／Hadoop環境で使える「TensorFlowOnSpark」をリリース（
0,2011/11/1,aaa,三井住友信託銀行、タブレット端末を活用した新外訪支援システムを導入
0,2011/11/1,aaa,Intel Security、セキュリティ企業McAfeeとしてスピンオフ
0,2011/11/1,aaa,クラウドベースのコンタクトセンターサービス「Amazon Connect」発表
0,2011/11/1,aaa,Weekly Memo：企業向けクラウドへ本格攻勢、Googleの強みと課題とは
0,2011/11/1,aaa,失敗しない「外資系」パッケージソフトとの付き合い方：ユーザーの言いなりになるのがメーカーの仕事ではない
0,2011/11/1,aaa,“見た目”で判断：Facebookの広告投稿も見破る「Perceptual Ad Blocker」登場
0,2011/11/1,aaa,Weekly Memo：NTT Comがクラウド戦略を転換　その真意は？
0,2011/11/1,aaa,富士通、法人向けPCやスライド式静脈センサー搭載タブレットなど新モデルを投入
0,2011/11/1,aaa,「NSAのハッキングツール」新たに大量流出　Windowsの脆弱性悪用も
0,2011/11/1,aaa,PC市場はようやく底を打つも、これからが正念場だ
0,2011/11/1,aaa,Microsoft Focus：「誰にでも使えるAI」のインパクト
0,2011/11/1,aaa,柴崎辰彦の「モノづくりコトづくりを考える」：SXSW 2017観戦記　未来を占う世界最大規模の“フェス”
0,2011/11/1,aaa,Apple、自動運転車走行テストをカリフォルニア州で開始へ
0,2011/11/1,aaa,アイ・オー・データ機器、無線LANルーター「WN-AC1167GR」のXSS脆弱性を修正
0,2011/11/1,aaa,Slack、絵文字付きの細かいステータス設定が可能に
0,2011/11/1,aaa,境界線では守れない、エンドポイントがセキュリティの主戦場に
0,2011/11/1,aaa,ハギーのデジタル道しるべ：新人必見！　知ってる人もあらためておさらい！　情報セキュリティについて知っておきたいこと（その1）
0,2011/11/1,aaa,ビジネスチャットツールを導入している企業は約3割、SNSの活用も進む
0,2011/11/1,aaa,BIND 9の脆弱性を修正、DoS攻撃誘発の恐れ
0,2011/11/1,aaa,経済損失は約3.5兆円!!　寝ることは大切なビジネススキル
0,2011/11/1,aaa,AI活用に挑むIDOM、データドリブンな組織をどう作ったか
0,2011/11/1,aaa,Instagramストーリーのユーザーが本家Snapchat超えの2億人突破
0,2011/11/1,aaa,KDDIとシスコ、「Cisco Spark」の提供で協業　固定電話回線なしで外線通話やクラウドPBXが利用可能に
0,2011/11/1,aaa,ディルバート（496）：苦し紛れの給与交渉
0,2011/11/1,aaa,Google、WebブラウザとCardboardでVRを体験できる「WebVR」サイト公開
0,2011/11/1,aaa,生活音で異常を検知――シンガポールの高齢者ケアサービス、富士通のIoTソリューションを採用
0,2011/11/1,aaa,もっと「ひと」中心の働き方改革、デジタル技術で実現へ
0,2011/11/1,aaa,変わるWindows、変わる情シス：第21回 「Windows 10」のCreators Update、情シス向けのメリットは？
0,2011/11/1,aaa,CARDNETのクレジット決済に6時間強障害、原因はL3スイッチ故障
0,2011/11/1,aaa,NSAの監視ツール情報が新たに流出、「脆弱性は修正済み」とMicrosoft
0,2011/11/1,aaa,Facebook、スパムや偽ニュースを生成する不正アカウントを特定
0,2011/11/1,aaa,Alphabetの生命科学事業がスマートウオッチを発表、医療研究に特化
0,2011/11/1,aaa,Apple、自動運転車の公道走行試開始へ、カリフォルニアで認可受ける
0,2011/11/1,aaa,DeNAとヤマト運輸がオンデマンド宅配実験、18年中に自動運転も
0,2011/11/1,aaa,日本AMDが新CPU「Ryzen 5」をアピール、「3万円で6コア／12スレッド」
0,2011/11/1,aaa,台湾エイスース、最大1300Mbps通信対応のデュアルバンド無線LANルーター
0,2011/11/1,aaa,民法改正案が衆議院通過、システムの開発契約などにも影響
0,2011/11/1,aaa,Ubuntu最新版「17.04」登場、スワップや印刷などを改善
0,2011/11/1,aaa,サイノロジー、M.2 SSDカードで高速化できる企業向けNASキット
0,2011/11/1,aaa,ITと熟練農家の技で稼ぐ AI農業
0,2011/11/1,aaa,Bluetoothビーコンでポイントがたまる飲料自販機、キリンとLINEが展開
0,2011/11/1,aaa,グーグルのAR/VRに両対応、ASUSの新スマホ「ZenFone AR」を国内発表
0,2011/11/1,aaa,サイバートラスト、健康情報通帳“miParu”に「セキュアIoTプラットフォーム」を提供
0,2011/11/1,aaa,“ベンチャーW杯”優勝のユニファ社長、「次は世界進出」
0,2011/11/1,aaa,「専念できないセキュリティ担当、現場と認識にズレ」――IPAのCISO/CSIRT実態調査
0,2011/11/1,aaa,遠隔型の自動運転車が夏にも公道実験、警察庁が基準案
0,2011/11/1,aaa,LIFE STYLEが360度VR動画クリエーターの養成講座、コンテンツ不足解消狙う
0,2011/11/1,aaa,Apple、次期iPhoneの量産でつまずきか、Touch IDで問題に直面
0,2011/11/1,aaa,NEC、「SystemDirector Enterprise」を機能強化 - API活用でアプリ開発対応 
0,2011/11/1,aaa,複数のディストリで使えるLinuxコマンド A-Z 
0,2011/11/1,aaa,従業員約300人、中小企業のアイティメディアが「Windows 10」を導入した理由
0,2011/11/1,aaa,SnapchatにリアカメラでもARエフェクトを追加できる「World Lenses」追加
0,2011/11/1,aaa,「Google Earth」刷新　まずはChromeブラウザで
0,2011/11/1,aaa,Mostly Harmless：実用化へ踏み出したブロックチェーン
0,2011/11/1,aaa,Computer Weekly：Google Playで配信されているVPNアプリの84％でデータ漏えい？　その恐るべき理由
0,2011/11/1,aaa,デジタル革新の取り組みの34％に具体的な成果、世界のビジネスリーダーが回答――富士通調査
0,2011/11/1,aaa,Facebook、SnapchatのようなARエフェクトを自作できる「Camera Effects Platform」
0,2011/11/1,aaa,Lotus Dominoに未解決の脆弱性、Shadow Brokersの流出情報で発覚
0,2011/11/1,aaa,ランサムウェアは減少傾向も、macOSを狙うマルウェアが前年比約7倍に――マカフィーが脅威レポートを公開
0,2011/11/1,aaa,GitHub Developer Program、無料アカウントでも参加可能に
0,2011/11/1,aaa,VRで買い物体験ができる実証実験、みずほ銀行がスタート
0,2011/11/1,aaa,Google、ロシアでの独禁法裁判で和解　約8.5億円の罰金支払い
0,2011/11/1,aaa,日本マイクロソフトは「働き方“で”改革」を強力に推進（
0,2011/11/1,aaa,アイ・オー・データ機器、マルチホップに対応したPLCアダプター
0,2011/11/1,aaa,個人と個人をつなぐクラウドソーシング、ランサーズが新事業展開
0,2011/11/1,aaa,丸紅がGE「Predix」を発電所に導入、海外展開も視野に
0,2011/11/1,aaa,2017年はIT部門のターニングポイント、JUASが「企業IT動向調査2017」報告会開催
0,2011/11/1,aaa,Apple、iPhone新モデル向けに数種類のプロトタイプを試験中か
0,2011/11/1,aaa,IBMの17年Q1決算は売上高が市場予想を下回る、クラウドは好調
0,2011/11/1,aaa,ANAや電通など8社、セキュリティ強化に向けて55億円出資
0,2011/11/1,aaa,わずか10秒で原稿作成、日経のAI記者「決算サマリー」の衝撃
0,2011/11/1,aaa,LINE、社運賭けた音声AI「Clova」開発戦略の全貌を明かす
0,2011/11/1,aaa,NTTマーケティングアクト、総合コンタクトセンターソリューション
0,2011/11/1,aaa,三井住友銀行と理化学研究所、科学技術の振興とイノベーション創出活動で連携
0,2011/11/1,aaa,経済産業省、コンビニ各社と商品への電子タグ利用に向け合意
0,2011/11/1,aaa,凸版印刷と東京国立博物館、VRを活用した文化財鑑賞の開発に向け協業
0,2011/11/1,aaa,仮想化の悩みを解決! 仮想化専用ストレージFAQ (1) 「自動QoS」って何?
0,2011/11/1,aaa,上海自動車ショー開幕　ＡＩやＩｏＴ続々 
0,2011/11/1,aaa,米ＩＢＭ、とまらぬ減収　20四半期連続、構造改革に時間
0,2011/11/1,aaa,＜米国・時間外＞ＩＢＭが下げ幅拡大　20四半期連続の減収で
0,2011/11/1,aaa,三井住友銀、理研と事業化支援で覚書
0,2011/11/1,aaa,人は短期ではもう勝てない？　AIが資産運用の主役に
0,2011/11/1,aaa,エネコムと日立、コンタクトセンターにおける音声データのリアルタイム活用を検証
0,2011/11/1,aaa,「Google Home」、マルチユーザー対応に
0,2011/11/1,aaa,富士通と日本オラクル、国内データセンターからOracle Cloudの提供を開始
0,2011/11/1,aaa,「Firefox 53」公開、40件以上の脆弱性を修正
0,2011/11/1,aaa,Microsoft、タスク管理ツール「To-Do」プレビュー公開　「Wunderlist」は終了へ
0,2011/11/1,aaa,乗務員の睡眠改善を支援するシステム、JR西日本が導入
0,2011/11/1,aaa,中堅・中小企業のデジタル変革にもSAPを――営業体制とパートナーを大幅強化
0,2011/11/1,aaa,LoRaWAN網でガス・水道メータからデータ収集――福岡市でIBMなどがIoT活用の実証実験
0,2011/11/1,aaa,AIで映像制作に「革命」が起きる――フジテレビとマイクロソフトが連携、その狙いは？
0,2011/11/1,aaa,ザックの「crazy idea」をニューラルネットはどう翻訳するだろう
0,2011/11/1,aaa,[広報] PR テクノロジーのカオスマップを作りたい
0,2011/11/1,aaa,Wi-Fiルーターに10件の脆弱性報告、Linksysが対策を勧告
0,2011/11/1,aaa,垂直離着陸可能な“空飛ぶ車”、独Liliumがテスト成功（
0,2011/11/1,aaa,Google、デスクトップ向けの「Chrome 58」公開
0,2011/11/1,aaa,多くの企業アプリ、オープンソースに起因する脆弱性を放置　セキュリティ企業が警鐘（
0,2011/11/1,aaa,SnapchatにリアカメラでもARエフェクトを追加できる「World Lenses」追加（
0,2011/11/1,aaa,制度、ITソリューション、先進事例から見る『働き方改革』
0,2011/11/1,aaa,【要注意】御社のリース契約！　業務負荷は2倍以上に！？
0,2011/11/1,aaa,AI、IoT、MRは未来ではない
0,2011/11/1,aaa,アイティメディアで「働き方改革」進行中！
0,2011/11/1,aaa,アイティメディアがWin 10を導入した理由
0,2011/11/1,aaa,最新機種でモバイルワーク…したくない？
0,2011/11/1,aaa,IFRS16対応、今始めなくてはいけない理由
0,2011/11/1,aaa,情シスが運用管理で消耗しないために
0,2011/11/1,aaa,IoT感染マルウェア、「ミライ」と「ハジメ」が勢力争い 
0,2011/11/1,aaa,Mastodon旋風の影で登場した老舗SNSの面白機能 
0,2011/11/1,aaa,Microsoft、セキュリティ情報の新ポータルに意見募る　ユーザーには不評？ 
0,2011/11/1,aaa,IoT機器を破壊するマルウェア「BrickerBot」拡散中　「Mirai」に対抗か 
0,2011/11/1,aaa,なぜSAPはPaaSの名称から「HANA」を外したのか 
0,2011/11/1,aaa,新生マカフィーは協調を重視――新たに目指す3つのポイントとは 
0,2011/11/1,aaa,マイコン世代が“IT弱者”に？　“声で操作”の破壊力 
0,2011/11/1,aaa,電子レシートやIoTショッピングカートーートライアルCIOが語る、スーパーマーケットの未来とは？ 
0,2011/11/1,aaa,SXSW 2017観戦記　SONYの挑戦「The WOW Factory」 
0,2011/11/1,aaa,史上最大級のDDoS攻撃に使われたマルウェア「Mirai」公開、作者がIoTを悪用 
0,2011/11/1,aaa,働き方改革を進めるデバイス選び
0,2011/11/1,aaa,タテのものをヨコにする!?
0,2011/11/1,aaa,新品より高品質な“中古機器”？
0,2011/11/1,aaa,悩むより、試してみない？
0,2011/11/1,aaa,SuiteWorld 2017 Report：ぴったりフィットするクラウドERPスイート？ Oracle傘下のNetSuiteが常識を覆す新モデル
0,2011/11/1,aaa,Google、虚偽ニュース対策で不適切な検索候補の報告フォームを追加
0,2011/11/1,aaa,【最終回】失敗しない「外資系」パッケージソフトとの付き合い方：「外資系パッケージソフト」の導入で失敗しないために
0,2011/11/1,aaa,ホワイトペーパー：あと1年だけでも――古いPCで戦うためにやるべきメンテナンスとは
0,2011/11/1,aaa,POSデータを公開、売り場づくりはメーカーとともに――異端の販売戦略を支えるデータ分析のチカラ
0,2011/11/1,aaa,Waymo、自動運転車の無料貸出をアリゾナ州でスタート
0,2011/11/1,aaa,日々の定型業務を自動化　企業向けSNS「Talknote」にTaskbot機能
0,2011/11/1,aaa,B.LEAGUEチケットサイトなどから個人情報のべ15万件超が流出の恐れ Apache Struts2の脆弱性が原因
0,2011/11/1,aaa,Microsoft、「Dynamics 365 for Sales」と「LinkedIn Sales Navigator」を統合
0,2011/11/1,aaa,クラウドとモバイルはビジネスをどう変えるのか：デジタル改革時代の“ITの基礎”を学びたい人、集まれ！　「デジタル改革塾」、5月9日に開催
0,2011/11/1,aaa,ドローン視点のリアルタイム映像を楽しめる「DJI Goggles」、5万7800円で発売
0,2011/11/1,aaa,Google、プロ向けVRカメラ「YI HALO」貸出プログラム「Jump Start」開始
0,2011/11/1,aaa,「対策を立てろ」は無能なマネジャーの常套句
0,2011/11/1,aaa,働き方改革の抵抗勢力、推進側が「正義」で反対派が「悪」ではない
0,2011/11/1,aaa,iPhone登場で僕がドコモでやるべきことは終わった。だから辞めた──ドワンゴ夏野氏
0,2011/11/1,aaa,大学関係者をだます攻撃の調査で見つかった、複数の外交文書
0,2011/11/1,aaa,ケアレスミスの原因を真面目に追求してもムダ
0,2011/11/1,aaa,ワイヤレスからPC対応まで！旬の変わり種バッテリーを検証
0,2011/11/1,aaa,Amazon.com、デジタルコンテンツの定期販売マーケットプレース開始
0,2011/11/1,aaa,Apple、世界の直営店で学習講座「Today at Apple」を開始へ
0,2011/11/1,aaa,日立が1300億円超で米コンプレッサー大手買収、約4000社にLumada展開へ
0,2011/11/1,aaa,「ハイパーコンバージド製品などを従量課金で提供する」――米Dell EMC幹部
0,2011/11/1,aaa,NSSOLがオラクルクラウド提供、専用機を1台単位で
0,2011/11/1,aaa,"凸版印刷、くずし字で書かれた歴史的資料にアクセスできるWebビューアー
"
0,2011/11/1,aaa,Garminが日本事業を強化、広告やブランド訴求で事業規模3倍に
0,2011/11/1,aaa,PwCサイバー、運用委託先を踏み台に機密情報を盗む攻撃を報告
0,2011/11/1,aaa,ビューン、マンション入居者が無料で雑誌・マンガ読み放題のサービス
0,2011/11/1,aaa,4Kで地上波とケーブルが連携、大分朝日放送制作の4K番組を愛媛CATVで放送へ
0,2011/11/1,aaa,シスコCEO、トランプ政権の技術者ビザ厳格化に理解「本来の熟練者に使われるべき」
0,2011/11/1,aaa,またもStruts2で漏洩、ぴあ運営のB.LEAGUEサイトから流出したカード番号で被害
0,2011/11/1,aaa,AppleがNASA出身者を複数採用か、自動運転テストやAR開発に
0,2011/11/1,aaa,DeNAと横浜市、金沢動物園内で一般向け自動運転バス試乗イベント
0,2011/11/1,aaa,IT人材白書2017が公開、「デジタルビジネスの技術者が足りない」とIPA
0,2011/11/1,aaa,楽天、Jリーグと共同で全クラブのグッズを扱うECサイト
0,2011/11/1,aaa,米Square、今夏よりJCBに対応へ
0,2011/11/1,aaa,NTTデータと東京海上がブロックチェーンの実験完了、コンソーシアム設立へ
0,2011/11/1,aaa,"J:COMが地域情報アプリ「ど・ろーかる」投入、地図上に地域情報をマッピング
"
0,2011/11/1,aaa,サンワサプライ、Lightningに直付けできる録音マイク
0,2011/11/1,aaa,VDI環境で動画をスムーズに再生、デルのシンクライアントのエントリーモデル新製品
0,2011/11/1,aaa,ライブストリーミング配信の「Twitch」、非パートナーも収益獲得が可能に
0,2011/11/1,aaa,ニコニコ動画、機械学習で監視対象のコメント75%減に！「超自然言語処理」に挑むドワンゴのデータ利活用事例セミナーレポート
0,2011/11/1,aaa,【4月開催】人工知能・機械学習関連イベント&勉強会
0,2011/11/1,aaa,AI.accelerator ってなんだ？？
0,2011/11/1,aaa,誰でも1時間でAIを設計できる「AI Lean Canvas」を作ってみました！
0,2011/11/1,aaa,現代のダビンチが提唱する「お金のいらない世界」。究極の理想郷「ザ・ヴィーナス・プロジェクト」が進行中
0,2011/11/1,aaa,ファナックの「FIELD System」、APIのアルファ版を公開
0,2011/11/1,aaa,部品交換をIoTで最適化 三菱電機、鉄道車両の予防保全システム開発へ
0,2011/11/1,aaa,あなたの感情は、AI相手に隠せない？気になる世界の感情分析技術活用まとめ
0,2011/11/1,aaa,TensorFlowで競艇予想
0,2011/11/1,aaa,人工知能について知っておくべき10のこと、ロボットは人々の仕事を奪う
0,2011/11/1,aaa,VR、AR、BMI、IoA…、脳とデジタルの新しい関係に迫る
0,2011/11/1,aaa,知性を備えたロボットが人間の仕事を奪う？（前）
0,2011/11/1,aaa,知性を備えたロボットが人間の仕事を奪う？（後）
0,2011/11/1,aaa,【今週の労務書】『AI時代の働き方と法　2035年の労働法を考える』
0,2011/11/1,aaa,汎用AIを研究するWBA若手の会カジュアルトークを突撃取材！WBAは○○な場
0,2011/11/1,aaa,技術者が語る、パブリッククラウド活用のすすめ from ニフティクラウド ユーザーブログ (19) ドメイン名の取得とDNSの設定方法 
0,2011/11/1,aaa,DAC、ブロックチェーンでデジタル広告効果の透明性を改善する実証実験 
0,2011/11/1,aaa,消費者の真のニーズを研究&実践！「LOHACO EC マーケティングラボ」を123社と - アスクル 
0,2011/11/1,aaa,Web接客「KARTE」とレコメンドエンジン「Genometrics」が連携
0,2011/11/1,aaa,情シスのタマちゃん (25) がんばれ小荒井くん！ 
0,2011/11/1,aaa,VMwareのCTOが語るクラウドへの移行における3つの課題とは? 
0,2011/11/1,aaa,WordPress 4.8、IE8・IE9・IE10サポート終了
0,2011/11/1,aaa,トヨタとKDDI、つながるタクシーの実現に向け走行データ活用の実証実験 
0,2011/11/1,aaa,ランサムウェアの被害に遭った企業の1割が身代金支払い - IDC調査 
0,2011/11/1,aaa,圧縮して働く！？リクルートのグダグダ会議撲滅術
0,2011/11/1,aaa,味の素の会議、「無限ホワイトボード」で議論を可視化
0,2011/11/1,aaa,住友生命の会議を救う「隠れファシリテーター」とは？
0,2011/11/1,aaa,集まらなくても大丈夫、丸亀製麺流SNS会議
0,2011/11/1,aaa,パスワードの別送に意味はある？
0,2011/11/1,aaa,ぴあ運営サイト不正アクセス、Struts2の脆弱性は「S2-045」
0,2011/11/1,aaa,ＡＩ社会は信用できるか
0,2011/11/1,aaa,憲法学のフロンティア(上)ＡＩのリスクに対応急げ 
0,2011/11/1,aaa,生保にフィンテック　ＡＩ・ビッグデータ駆使
0,2011/11/1,aaa,人工知能は人類にとって善なのか悪なのか？ AIの権利が認められる時代とは
0,2011/11/1,aaa,外交する人工知能 ? 理想的な国境を、超空間の中に作る
0,2011/11/1,aaa,人工知能時代の人間の生き方は、古代ローマに学ぶべし
0,2011/11/1,aaa,「CEOの仕事もAIに奪われる」--アリババのJ・マー会長、人工知能の危険性を警告 
0,2011/11/1,aaa,【NDC2017】第4次産業革命時代におけるゲーム開発−人工知能の時代に開発者はどう生き残っていくか
0,2011/11/1,aaa,書籍「人工知能解体新書 ゼロからわかる人工知能のしくみと活用」を10名様に【ロボスタプレゼント】
0,2011/11/1,aaa,今さら聞けないビジネスIT用語集
0,2011/11/1,aaa,「商売上手すぎる! 課金せざるを得ない」美少女AIアプリのまさかの課金システムが大評判
0,2011/11/1,aaa,AIに支配された世界を研究者が描いたら？ SFスリラー小説『Void Star』が示す近未来像
0,2011/11/1,aaa,人工知能研究者が男女の脳の違いから導き出した『女の機嫌の直し方』
0,2011/11/1,aaa,動画でわかる！人工知能（AI）と機械学習の基本
0,2011/11/1,aaa,弁護士が人工知能に取って代わられる？改めて考える弁護士の役割
0,2011/11/1,aaa,人間の仕事を奪う｢AI｣の過去･現在･未来
0,2011/11/1,aaa,これ1枚で分かる「情シスが知っておくべきAIの知識」
0,2011/11/1,aaa,なぜ、IoT×人工知能で“住みよい街作り”ができるのか
0,2011/11/1,aaa,「AI×ビジネス」が広がる今後、情シスは何をすればいい？
0,2011/11/1,aaa,50年以上研究されてきた人工知能、今なぜブームに？
0,2011/11/1,aaa,コレ1枚で分かる「スマートマシンが実現しようとしていること」
0,2011/11/1,aaa,AlphaGoが李氏に一敗、「この敗北データはAIの学習のために非常に貴重」と開発者
0,2011/11/1,aaa,HALは実現するか――研究者6人が語るAIの現状と将来
0,2011/11/1,aaa,費用対効果は？ ナレッジは誰のものか？　「IBM Watson」の課題
0,2011/11/1,aaa,日本のIT大手はAI技術のグローバル発信力を高めよ
0,2011/11/1,aaa,IBMの「Watson」が“作った”料理はうまいのか？　実際に食べてみた
0,2011/11/1,aaa,「外資系パッケージソフト」の導入で失敗しないために 
0,2011/11/1,aaa,iPad 3万7000台を一元管理　JR東、MDM連携システム導入 
0,2011/11/1,aaa,Suicaの代わりに「手」をかざす時代がやってくる？　日立のウォークスルー型指静脈認証を見てきた 
0,2011/11/1,aaa,「無限ループ」な言い訳 
0,2011/11/1,aaa,ぴったりフィットするクラウドERPスイート？ Oracle傘下のNetSuiteが常識を覆す新モデル 
0,2011/11/1,aaa,「Portrait Display SDK」に脆弱性、富士通などのアプリに影響 
0,2011/11/1,aaa,年収800万円以上を狙える求人はコチラ！
0,2011/11/1,aaa,【正社員】プライベートも充実――長期休暇あり！年間休日120日以上
0,2011/11/1,aaa,【資格取得制度あり】スキルアップを会社が支援！
0,2011/11/1,aaa,【未経験可】年収500万以上を目指せる求人特集
0,2011/11/1,aaa,【正社員】安心して働きたい！上場企業の求人特集
0,2011/11/1,aaa,5/31まで●富士フイルムグループIT部長のデジタル化の進め方
0,2011/11/1,aaa,「AIは人間の良き部下であれ」、人工知能学会の山田誠二氏
0,2011/11/1,aaa,農協の未来(離農とＡＩ・ロボット) 
0,2011/11/1,aaa,AIで「完璧なママ」を作り上げたダヴ 
0,2011/11/1,aaa,ALBERT、「人工知能学会全国大会」に協賛・出展〜「人工知能のビジネス応用の現状」と題して講演〜
0,2011/11/1,aaa,人工知能が突きつける課題に、人類はどう答えるのか？『エクサスケールの少女』【書評】
0,2011/11/1,aaa,【ネタバレ】美少女AI“古瀬あい”レビュー。3日で記憶を失う彼女と過ごした4日間
0,2011/11/1,aaa,【寄稿】AI事故めぐる訴訟に備えよ
0,2011/11/1,aaa,AIと自動化の推進で未来は暗いものに!? 
0,2011/11/1,aaa,「テレパシー技術」開発に乗り出すイーロン・マスクの危機感
0,2011/11/1,aaa,人工知能は人類にとって善なのか悪なのか？ AIの権利が認められる時代とは 
0,2011/11/1,aaa,ロボットで自動化する業務としない業務、どう見極める？ 
0,2011/11/1,aaa,医療系書籍の編集職 「医療×AI（人工知能）」を実現する書籍立ち上げにイチから携われます。
0,2011/11/1,aaa,株式会社ブレインパッド
0,2011/11/1,aaa,データからお金の流れを洗い出す「データノミクス」が明らかにしたこと、これから実現すること【ライフハッカーJOB】
0,2011/11/1,aaa,【フィスコ】人工知能エンジンScorobo＠for Fintech 第2弾テレビ東京モーニングサテライトに経済指標予測 
0,2011/11/1,aaa,テクノロジーで英語学習者のさまざまな悩みを解決する ーー グローバルビジネスに活きるオンラインアカデミー「Asteria」
0,2011/11/1,aaa,スマホがテレビのコントローラー ?? 「スポナビライブ」が提案するスポーツ観戦の新しい楽しみ方
0,2011/11/1,aaa,大企業にオープン・イノベーションは本当に可能か？ SXSW 2017で「家電の再定義」を提案したパナソニック アプライアンス社の挑戦
0,2011/11/1,aaa,GWの読書にお勧め、著名CEOが推薦する「一冊」
0,2011/11/1,aaa,ディズニーが滞在型の『スター・ウォーズ』リゾート構想
0,2011/11/1,aaa,勝間和代が生産性イノベーションで到達したロジカル家事とは
0,2011/11/1,aaa,北朝鮮を攻撃したら何が起きる ?? もし永田町が核攻撃を受けたら
0,2011/11/1,aaa,わずか20ドルの顕微鏡が登場 ?? 格安の理由とは?
0,2011/11/1,aaa,アメリカではバレンタイン・デイに300億ドル(3.4兆円弱)を消費する…
0,2011/11/1,aaa,髪の毛が薄くなりやすいヘアスタイルって?
0,2011/11/1,aaa,英国人男性が73.41mの高さからバンジージャンプに挑戦、カップティー…
0,2011/11/1,aaa,無印良品、初のホテルを中国・深センで計画 ?? 「MUJI HOTEL」今年開業
0,2011/11/1,aaa,ロボットを殴り倒した男、ロボットに通報され逮捕 ?? シリコンバレー
0,2011/11/1,aaa,Twitterで「認証済みアカウント」になる方法
0,2011/11/1,aaa,アメリカ・トランプ政権が税制改革案を発表 ?? 法人税は15％に引き下げ
0,2011/11/1,aaa,アリババCEO「これからの30年、世界は今より悪くなる」
0,2011/11/1,aaa,iPhone 8、部品の量産体制に遅れか ?? 発売時期めぐり憶測
0,2011/11/1,aaa,ニューヨークを愛する住民が「空き店舗マップ」を作った理由
0,2011/11/1,aaa,川に流れるゴミを水車で回収する試みに注目集まる
0,2011/11/1,aaa,クラウドから「エッジ」へ??NVIDIA軸に始まった半導体業界のAI戦争
0,2011/11/1,aaa,未知の競技と出会うのも、深掘りするのも自由。「スポナビライブ」の魅力を、スポーツ観戦のエキスパート・サッシャさんに聞いた
0,2011/11/1,aaa,送りバントも盗塁も無意味な策なのか……。「統計学」を学びたいなら、まずは「プロ野球」を観てはいかが？
0,2011/11/1,aaa,日本発「無人レジ」に海外も注目
0,2011/11/1,aaa,?医療業界で1000万円以上稼げる仕事
0,2011/11/1,aaa,仏大統領選、マクロン氏優位で市場に安心感 ?? 動き出す投資家
0,2011/11/1,aaa,イギリス、3月の小売販売は予想以上の落ち込み ?? ブレグジット投票後のインフレが影響
0,2011/11/1,aaa,スポティファイ、著作権管理のブロックチェーン企業を買収
0,2011/11/1,aaa,イギリス総選挙 ?? 賛成票を投じた労働党員は「クリスマスに賛成する七面鳥」
0,2011/11/1,aaa,カロリーたった80Kcalのアイスがしっかり美味しい理由は？
0,2011/11/1,aaa,1年間で給料が上がった職業トップ10(アメリカ編)
0,2011/11/1,aaa,首回りのポツポツ、引っ張らないで！手軽にツルツルに導く裏技
0,2011/11/1,aaa,SXSW 2017で紹介された家電分野のイノベーションとは？
0,2011/11/1,aaa,小型車ながら、Poloが高い安全性を誇る理由
0,2011/11/1,aaa,「人間は問題が多い」ロボットを導入して業績を上げるフィンテック企業
0,2011/11/1,aaa,あなたにインストールされている「英語OS」をバージョンアップ
0,2011/11/1,aaa,強者ではなく適者生存の｢適者｣になれ
0,2011/11/1,aaa,みずほFGがブロックチェーンを本番運用、貿易書類を電子化
0,2011/11/1,aaa,ソースネクストがロゼッタストーン語学製品の国内展開強化、AI翻訳機を年内発売
0,2011/11/1,aaa,Googleが新たな偽情報対策、アルゴリズム変更で低品質コンテンツを降格
0,2011/11/1,aaa,JAふくしま未来、エネルギーハーベスティングとLPWAで果樹の防霜対策
0,2011/11/1,aaa,Waymoが自動運転車の公開テスト、米アリゾナ州住民が対象
0,2011/11/1,aaa,「Ansibleは社内インフラを全て運用できる」、レッドハットが販売戦略を発表
0,2011/11/1,aaa,凸版印刷、くずし字で書かれた歴史的資料にアクセスできるWebビューアー
0,2011/11/1,aaa,LinkedInのユーザーが5億人を突破、求人数は1000万件以上
0,2011/11/1,aaa,"
Apple、世界の直営店で学習講座「Today at Apple」を開始へ"
0,2011/11/1,aaa,"
ぴあ運営サイト不正アクセス、Struts2の脆弱性は「S2-045」"
0,2011/11/1,aaa,"
iPhone登場で僕がドコモでやるべきことは終わった。だから辞めた──ドワンゴ夏野氏"
0,2011/11/1,aaa,"
働き方改革の抵抗勢力、推進側が「正義」で反対派が「悪」ではない"
0,2011/11/1,aaa,"
「対策を立てろ」は無能なマネジャーの常套句"
0,2011/11/1,aaa,"
バックボーンを交換機からルーターに刷新、NTTが描く固定電話のIP化"
0,2011/11/1,aaa,"
フォルクスワーゲンを興奮させた量子コンピュータ「D-Waveマシン」、何ができるのか"
0,2011/11/1,aaa,デジタルアーツ、情報漏えい防止製品に標的型攻撃対策を追加
0,2011/11/1,aaa,NTTデータが開発方法論を世界で統合、TERASOLUNAの後継
0,2011/11/1,aaa,イッツコムのインテリジェントホームがIoT連携基盤「IFTTT」にチャンネル登録
0,2011/11/1,aaa,タブレット世界出荷台数、17年Q1は8.5％減、10四半期連続で前年割れ
0,2011/11/1,aaa,Google Docsを悪用したフィッシング攻撃が発生、すでに対処済み
0,2011/11/1,aaa,教育向けOS「Windows 10 S」発表、ストアアプリのみの動作でセキュリティ確保
0,2011/11/1,aaa,日販「書店体験を変えるIoT」ハッカソン優秀作、都内2書店で早くも展開
0,2011/11/1,aaa,CTCの2017年3月期は過去最高業績、中期経営計画は未達予想
0,2011/11/1,aaa,井上雅博ヤフー前代表取締役社長が死去
0,2011/11/1,aaa,米レッドハット、コンテナ基盤構築ソフト「OpenShift Container」の最新版
0,2011/11/1,aaa,JALとANAが「ITで増収」の姿勢鮮明に、新中計で
0,2011/11/1,aaa,J-LIS、マイナンバーカード発行システムのバージョンアップで不具合
0,2011/11/1,aaa,止まらぬメルカリ不正出品騒動、領収書やキャッシュバックも
0,2011/11/1,aaa,泥沼化する“証明書抗争”の幕引きなるか、シマンテックがグーグルに逆提案
0,2011/11/1,aaa,NTTドコモが印タタとの係争に全面勝利確定、約1300億円受け取りへ
0,2011/11/1,aaa,NSSOLの2017年3月期通期決算は増収増益、官公庁や製造業分野が堅調
0,2011/11/1,aaa,富士通の2017年3月期決算は減収増益、構造改革は「投資先行期間を抜けた」
0,2011/11/1,aaa,ソリトン、Office365やSalesforceを1画面で連携するクラウドサービス「ClearDeck」
0,2011/11/1,aaa,ユーザー企業が最も重視する技術はIoT――JUASが「企業IT動向調査」結果発表
0,2011/11/1,aaa,700端末のネットワーク分離を実現
0,2011/11/1,aaa,ワークスタイル変革をトータル支援
0,2011/11/1,aaa,IT業務の遂行力を見える化する「iCD」
0,2011/11/1,aaa,駐車場のデータを活用！タイムズのIoT戦略
0,2011/11/1,aaa,海外でも安心・安全にクラウドを使うには
0,2011/11/1,aaa,TCO最適化に向け、いま企業担当者が押さえておくべき、ノートPC選びのポイントとは？
0,2011/11/1,aaa,企業にとって理想的なITインフラとは何か？
0,2011/11/1,aaa,CRMとの一体化で“誰もが使えるAI”に
0,2011/11/1,aaa,コミュAIで顧客エンゲージメントを高める
0,2011/11/1,aaa,準備に８割！　データ活用はそれでいいのか
0,2011/11/1,aaa,データ活用を成功させる【３つの職種】とは
0,2011/11/1,aaa,ディープラーニングへのチャレンジを加速
0,2011/11/1,aaa,企業成長へ導くBPM活用の心得
0,2011/11/1,aaa,業種や規模で異なるクラウドERPの選択術
0,2011/11/1,aaa,IoTに必要なのは強力なエコシステム構築
0,2011/11/1,aaa,アリババ仕込みで、パブリッククラウド参入
0,2011/11/1,aaa,ITの技術力、豊富な実績で存在感
0,2011/11/1,aaa,システムリスク管理の形骸化を防ぐ
0,2011/11/1,aaa,データサイエンティストを救うツールとは？
0,2011/11/1,aaa,最新レッツノート対Ｓｕｒｆａｃｅ５番勝負
0,2011/11/1,aaa,仮想マシンで従来型ストレージの課題を解消
0,2011/11/1,aaa,企業を苦しめる「データの重力」とは？
0,2011/11/1,aaa,貯め込んだデータにリスクが潜む対策のカギ
0,2011/11/1,aaa,クラウド時代の正しいDB基盤の選び方
0,2011/11/1,aaa,“アイデアエコノミー”の時代がやってきた
0,2011/11/1,aaa,情報セキュリティマネジメントサミット：事例
0,2011/11/1,aaa,企業改革のカギは働き方改革に
0,2011/11/1,aaa,初の「三冠」を達成した「レッツノート」 顧客満足度の追求で圧倒的な支持を獲得！
0,2011/11/1,aaa,WebRTCで企業は顧客サポートを強化へ
0,2011/11/1,aaa,ドコモとソーシャルイノベーションの関係
0,2011/11/1,aaa,調査で分かった 学校×無線LANのリアル
0,2011/11/1,aaa,共創から始まるIoTの新たな社会価値
0,2011/11/1,aaa,コラボ「未来協創Lab」から見える明日
0,2011/11/1,aaa,情報セキュリティマネジメントサミット
0,2011/11/1,aaa,ランサムウエアを防ぐ新発想の保護対策
0,2011/11/1,aaa,ネットワーク分離環境構築のポイント
0,2011/11/1,aaa,"
ソフトバンク孫氏が記者にこっそり明かした、スプリントの投資成果"
0,2011/11/1,aaa,"
隙あらばキャッシュバック、懲りないソフトバンク"
0,2011/11/1,aaa,"
安スマホで急増するトラブル　避けるための3か条"
0,2011/11/1,aaa,"
仕事の帰りが遅くなるのは「にんべん」がないからだ"
0,2011/11/1,aaa,"
パソコンの快適利用は最初が肝心！サインインやアプリ起動を見直す"
0,2011/11/1,aaa,"
「右脳」を使えないエンジニアは淘汰される！？"
0,2011/11/1,aaa,"
3度の産休は良い充電期間に、自由な働き方を実践"
0,2011/11/1,aaa,Windows 10がまた変わる、「Creators Update」は何が違うのか
0,2011/11/1,aaa,LANケーブルの信号線がねじられている本当の理由
0,2011/11/1,aaa,NECがオフコン事業からの撤退を発表。ユーザーはどこへ向かえばいいのか？
0,2011/11/1,aaa,LANケーブルは規格値を超えたスピードで通信したらどうなる？
0,2011/11/1,aaa,Excelで1週間かかっていた分析が数時間に、ミズノが 「BI定着」に絞った知恵
0,2011/11/1,aaa,MN.ENTERPRISE.TOP
0,2011/11/1,aaa,メインコンテンツに移動
0,2011/11/1,aaa,カテゴリ
0,2011/11/1,aaa,トップ
0,2011/11/1,aaa,ビジネス
0,2011/11/1,aaa,デジタル
0,2011/11/1,aaa,ライフ
0,2011/11/1,aaa,エンタメ
0,2011/11/1,aaa,プレゼント
0,2011/11/1,aaa,経営・ビジネス
0,2011/11/1,aaa,企業IT
0,2011/11/1,aaa,テクノロジー
0,2011/11/1,aaa,IT製品比較
0,2011/11/1,aaa,情報システム
0,2011/11/1,aaa,セキュリティ
0,2011/11/1,aaa,モバイル
0,2011/11/1,aaa,開発/エンジニア
0,2011/11/1,aaa,業務システム
0,2011/11/1,aaa,SOHO/SMB
0,2011/11/1,aaa,企業動向
0,2011/11/1,aaa,マーケティング
0,2011/11/1,aaa,ビジネススキル向上
0,2011/11/1,aaa,ITセミナー
0,2011/11/1,aaa,NETGEAR
0,2011/11/1,aaa,ニフティクラウド
0,2011/11/1,aaa,カゴヤ・ジャパン
0,2011/11/1,aaa,ペンタセキュリティ
0,2011/11/1,aaa,仮想化ストレージ
0,2011/11/1,aaa,アイ・ユー・ケイ
0,2011/11/1,aaa,RPA
0,2011/11/1,aaa,半導体デバイス
0,2011/11/1,aaa,次世代半導体技術
0,2011/11/1,aaa,カーエレクトロニクス
0,2011/11/1,aaa,産業機器/ロボット
0,2011/11/1,aaa,組み込み/IoT
0,2011/11/1,aaa,スパコン/HPC
0,2011/11/1,aaa,計測機器
0,2011/11/1,aaa,エネルギー
0,2011/11/1,aaa,医療/バイオ
0,2011/11/1,aaa,サイエンス
0,2011/11/1,aaa,宇宙・航空
0,2011/11/1,aaa,ものづくり
0,2011/11/1,aaa,OKIデータ・インフォテック
0,2011/11/1,aaa,企業ITトップ
0,2011/11/1,aaa,情報システムこのカテゴリーを見る
0,2011/11/1,aaa,セキュリティこのカテゴリーを見る
0,2011/11/1,aaa,モバイルこのカテゴリーを見る
0,2011/11/1,aaa,開発/エンジニアこのカテゴリーを見る
0,2011/11/1,aaa,業務システムこのカテゴリーを見る
0,2011/11/1,aaa,SOHO/SMBこのカテゴリーを見る
0,2011/11/1,aaa,企業動向このカテゴリーを見る
0,2011/11/1,aaa,マーケティングこのカテゴリーを見る
0,2011/11/1,aaa,ビジネススキル向上このカテゴリーを見る
0,2011/11/1,aaa,NETGEARこのカテゴリーを見る
0,2011/11/1,aaa,ニフティクラウドこのカテゴリーを見る
0,2011/11/1,aaa,カゴヤ・ジャパンこのカテゴリーを見る
0,2011/11/1,aaa,ペンタセキュリティこのカテゴリーを見る
0,2011/11/1,aaa,仮想化ストレージこのカテゴリーを見る
0,2011/11/1,aaa,アイ・ユー・ケイこのカテゴリーを見る
0,2011/11/1,aaa,RPAこのカテゴリーを見る
