flg,date,url,title
0,2016/02/06,http://style.nikkei.com/article/DGXMZO12054150U7A120C1000000?channel=DF220420167276&style=1,"AIとスポーツの融合　カギは「レジェンドの知」継承"
0,2016/02/06,http://www.nikkei.com/article/DGKKZO12543610U7A200C1TCJ000/,"〈法トーク〉フィンテック・ＡＩ関連に意欲 弁護士　岩倉正和氏"
0,2016/02/01,http://www.nikkei.com/article/DGKKASFK25H41_R30C17A1TJC000/,"ＡＩ特許 ４年で７割増　米中突出 日本は減"
0,2016/01/31,http://www.nikkei.com/article/DGKKZO12336510R30C17A1ENK000/,"人工知能の使い方"
0,2016/02/06,http://www.excite.co.jp/News/column_g/20170206/Sirabee_20161064063.html,"人類が危ない！？滅ぼされないための正しい人工知能との付き合い方"
0,2016/02/04,http://www.gizmodo.jp/2017/02/lets-see-how-paintschainer-paints-maho-girls-precure.html,"人が塗る時代は過去になるのか？ 人工知能が『魔法つかいプリキュア！』を塗る"
0,2016/02/07,https://www.bloomberg.co.jp/news/articles/2017-02-07/OKZDL76TTDSS01,"100％人工知能のヘッジファンド誕生−株取引に人間の感情は邪魔か"
0,2016/02/06,http://thebridge.jp/2017/02/how-ai-will-transform-education-in-2017,"人工知能による会話型教育が浸透するかーー2017年、AIは教育業界をどう変えるか？"
0,2016/02/07,http://dd.hokkaido-np.co.jp/news/science/science/1-0365771.html,"人工知能・AIによる人事評価は公平か−北海道大学の裁判劇とワークショップから　１−舞台は西暦2030年"
0,2016/02/04,https://www.advertimes.com/20170204/article243498/,"松尾先生、人工知能と広告の未来はどっちですか？【後編】"
1,2017/02/23,http://www.nikkei.com/article/DGXLASDZ22HST_S7A220C1TI1000/,"イオン、従業員の質問にＡＩが回答　接客能力高める"
1,2017/02/22,http://www.nikkei.com/article/DGXLASFB06HLT_S7A220C1MM0000/,"高速道の除雪、ＡＩで効率化　東日本高速"
1,2017/02/21,http://itpro.nikkeibp.co.jp/atcl/news/17/022100576/,"ミツバグループ、グローバル53社の人事評価でAI活用"
1,2017/02/20,http://www.nikkei.com/article/DGXLZO13144060Q7A220C1TI5000/,"ローソン、健康志向に応じ商品提案　ＬＩＮＥでＡＩが対応"
1,2017/02/20,http://itpro.nikkeibp.co.jp/atcl/news/17/022000545/,"機械学習を中堅中小にも、PBCがERP「Dynamics NAV」新版"
1,2017/02/20,http://www.itmedia.co.jp/enterprise/articles/1702/20/news048.html,"分析モデルの開発、展開を機械学習で自動化　IBMが提供へ"
1,2017/02/20,http://itpro.nikkeibp.co.jp/atcl/news/17/021700540/,"NTTドコモと東京無線が“ウーバー対抗策”、AIでタクシー需要を予測"
1,2017/02/19,http://www.nikkei.com/article/DGXLASGG18H15_Z10C17A2TJM000/,"ＡＩ用スパコン、夏ごろから稼働　東工大"
1,2017/02/19,http://www.nikkei.com/article/DGXLZO13104170Z10C17A2TJC000/,"オンキヨー、ＡＩ家電に100億円投資　20年度に売上高400億円"
1,2017/02/17,http://www.itmedia.co.jp/enterprise/articles/1702/17/news051.html,"GoogleのAIライブラリ「TensorFlow」がVer.1.0に　高速化してより柔軟に、新APIも追加"
1,2017/02/17,http://www.nikkei.com/article/DGXLASGM17H8D_X10C17A2000000/,"独ボッシュ、ＩＢＭとＩｏＴで提携　ワトソン活用"
1,2017/02/17,http://itpro.nikkeibp.co.jp/atcl/news/17/021700538/,"マイクロソフト、AIとロボットで接客するためのクラウドサービス"
1,2017/02/17,http://www.nikkei.com/article/DGXLZO13076690X10C17A2TI5000/,"ユニクロのネット通販、ＡＩがお薦め商品提案　米で実験"
1,2017/02/16,http://www.itmedia.co.jp/enterprise/articles/1702/16/news079.html,Microsoft、"ドローンのAI学習シミュレーターをオープンソース公開"
1,2017/02/16,http://www.itmedia.co.jp/enterprise/articles/1702/16/news044.html,"IBM、Watson活用のコンテンツ管理ツール「Watson Content Hub」を発表"
1,2017/02/15,http://news.mynavi.jp/news/2017/02/15/183/,"人工知能を活用したFXサービスを目指して日本マイクロソフトとSBIグループ"
1,2017/02/15,http://monoist.atmarkit.co.jp/mn/articles/1702/15/news023.html,"官民が連携し、先進型AI技術の研究ラボを設立"
1,2017/02/15,http://www.sankeibiz.jp/business/news/170215/prl1702150902003-n1.htm,"問い合わせ内容の可視化と人工知能（AI）技術を融合エネルギー事業者に特化したAIチャットサービスを提供開始"
1,2017/02/15,http://www.jiji.com/jc/article?k=000000069.000004930&g=prt,"アプリ開発/制作のゆめみ、株式会社セレスと人工知能（AI）及び機械学習に関する研究所、 ビジネスサイエンスAIラボを共同設立"
1,2017/02/15,http://venturetimes.jp/venture-news/ai/17506.html,"サイバーの人工知能のアドテクノロジー活用を図る「AI Lab」、東京工業大学と産学連携"
1,2011/9/4,http://dummy/,"高知銀などのファンド、ＡＩベンチャーに投資"
1,2011/9/5,http://dummy/,"サイバーエージェントが阪大・石黒教授と協業、アドテクとAI共同研究へ"
1,2011/9/6,http://dummy/,"日立がカメラ映像の人物を深層学習で特定する技術、「物を拾う」の識別も"
1,2011/9/7,http://dummy/,"2018年度にAIによる野球解説の実現目指す、電通が新プロジェクト始動"
1,2011/9/8,http://dummy/,"「goo」20周年の原動力は「おたく集団」、NTTレゾナントがAI戦略など発表"
1,2011/9/9,http://dummy/,"WACUL、Webサイト分析「AIアナリスト」新版 - 分析を自動化して工数削減"
1,2011/9/10,http://dummy/,"エッジへの機械学習実装を加速させる開発環境"
1,2011/9/11,http://dummy/,"IntelがAI部門を新設、トップは買収したNervanaのCEO"
1,2011/9/12,http://dummy/,"AIも活用し攻殻機動隊の「タチコマ」をリアルに再現、Cerevoがロボットを発売"
1,2011/9/13,http://dummy/,"囲碁の新星ＡＩ「絶芸」、開発１年で急伸　初出場で完勝"
1,2011/9/14,http://dummy/,"AI技術により音から睡眠個性を視覚化、"
1,2011/9/15,http://dummy/,"コープこうべ、ＡＩで買い物提案　スマホアプリで育児支援も "
1,2011/9/16,http://dummy/,"カヤック、人工ニューラルネットワークの新技術の特許を出願　法人や個人のAI活用を支援する人工知能研究開発室「カヤックAI部」を設立"
1,2011/9/17,http://dummy/,"囲碁の世界大会　朴廷桓九段が人工知能に逆転勝ち"
1,2011/9/18,http://dummy/,"世界で初めてディープラニング人工知能を使って鼻歌から自律的に作曲する機能を実装した無料スマートフォンアプリ「muddica（ムディカ）」を４月下旬リリース"
1,2011/9/19,http://dummy/,"韓国・朴九段が全勝Ｖ　ワールド碁、ＡＩが井山破る"
1,2011/9/20,http://dummy/,"希望の映像がすぐ見付けられる――Watsonが変える映像活用"
1,2011/9/21,http://dummy/,"Samsung、独自AIアシスタント「Bixby」正式発表　まずは「Galaxy S8」に搭載"
1,2011/9/22,http://dummy/,"IBM InterConnect 2017開幕、クラウドやWatsonの新サービス・技術を一気に発表"
1,2011/9/23,http://dummy/,"井山、ＡＩともに惜敗　ワールド碁・第１日  "
1,2011/9/24,http://dummy/,"三井住友海上、UEIと深層学習AIを用いた保険販売の実証実験"
1,2011/9/25,http://dummy/,"独・ボッシュ、AI（人工知能）技術向上で自動車が自ら学習し適切なアクションをとることを可能に"
1,2011/9/26,http://dummy/,"ハウステンボス、管理部門でのAI活用への挑戦〜接客業務でのロボット採用に続き、管理業務でもAIを駆使し労働生産性の50%向上を目指す〜"
1,2011/9/27,http://dummy/,"文章を解析「自然言語処理」　徳島でＡＩ向け研究"
1,2011/9/28,http://dummy/,"搬送ロボ、ＡＩで賢く　大和ハウスが物流新施設  "
1,2011/9/29,http://dummy/,"Conyac運営のエニドア、A.I.向け多言語機械学習データ作成サービス「ConyacDATA」のAPIを提供開始 ?依頼データの登録から結果取得までを自動化し業務の効率化を可能に?"
1,2011/9/30,http://dummy/,"リクルートテクノロジーズのAIプロジェクト「A3RT（アート）」が始動、機械学習、ディープラーニングの6APIを公開"
1,2011/10/1,http://dummy/,"NVIDIAとボッシュ、自動運転システムを共同開発へ"
1,2011/10/2,http://dummy/,"SentinelOne　機械学習で未知の脅威も検知国内市場に参入、日本法人設立へ米国本社のCEOが意気込み語る"
1,2011/10/3,http://dummy/,"テックファーム、ランドマーク税理士法人とAIを活用した相続対策サービス"
1,2011/10/4,http://dummy/,"函館に道内初ＡＩ拠点"
1,2011/10/5,http://dummy/,"ファッション通販、ＡＩ活用　ＴＳＩとＮＴＴ系  "
1,2011/10/6,http://dummy/,"Googleの人工知能部門DeepMindがイギリスの電力コストをインフラ整備なしで10％もカットする"
1,2011/10/7,http://dummy/,"居希望者の条件を解析して、理想のお部屋情報を提供するAI(人工知能)　「ウチコミ！くん R:AI:MU(ライム)」を実装"
1,2011/10/8,http://dummy/,"若手行員をＡＩがお助け　千葉銀など、実験の対象拡大  "
1,2011/10/9,http://dummy/,"チームラボとIDCフロンティア、人工知能分野の研究支援プログラムを開始"
1,2011/10/10,http://dummy/,"PFIから自然言語処理と機械学習の部門がスピンアウト、新会社「レトリバ」が2.5億円を調達"
1,2011/10/11,http://dummy/,"機械学習で地震予知 ケンブリッジ大が実験に成功"
1,2011/10/12,http://dummy/,"ソニーと東大、次世代の技術人材育成　ＡＩやＶＲ "
1,2011/10/13,http://dummy/,"面接官はＡＩ　Ｔ＆Ａ、「ペッパー」活用  "
1,2011/10/14,http://dummy/,"最新FPGA搭載、4K映像や機械学習を高速処理"
1,2011/10/15,http://dummy/,"25年大阪万博、ＡＩなど最先端技術結集　誘致へ報告書"
1,2011/10/16,http://dummy/,"ＡＩの暴走防ぐ国際ガイドライン策定へたたき台提示"
1,2011/10/17,http://dummy/,"NECと仙台白百合女子大　AIによる脳血管疾患の発症・重症化リスク予測研究　保健指導で活用"
1,2011/10/18,http://dummy/,"米ＧＥ、ＡＩで風力発電効率化　日本で運営支援"
1,2011/10/19,http://dummy/,"東芝・NEC・富士通が理研にAI研究拠点、深層学習の先を目指す"
1,2011/10/20,http://dummy/,"ＡＩで毒ガス検知　ＮＴＴデータや警察庁、20年までに製品化"
1,2011/10/21,http://dummy/,"人工知能がコンクリートの表層品質を判定 "
1,2011/10/22,http://dummy/,"Google、動画内検索を可能にするディープラーニング採用APIのβ提供開始"
1,2011/10/23,http://dummy/,"Google、データサイエンティストコミュニティKaggle買収で「AIの民主化」を加速"
1,2011/10/24,http://dummy/,"NTTドコモと未来シェアが「AI運行バス」、中小都市でライドシェア展開へ"
1,2011/10/25,http://dummy/,"Watson使う次世代の車載システムを紹介、日本IBMとアルパイン"
1,2011/10/26,http://dummy/,"ＡＩで脳血管疾患のリスク予測　ＮＥＣ"
1,2011/10/27,http://dummy/,"ＦＸ異常取引をＡＩで監視　金融取、富士通と共同研究 "
1,2011/10/28,http://dummy/,"感染症流行地へ医療品、ＡＩで配送円滑に　ＮＥＣ開発へ  "
1,2011/10/29,http://dummy/,"富士通、仏で60億円投資　ＶＢ出資やＡＩ研究"
1,2011/10/30,http://dummy/,"NEC、スーパーマーケットでAIを活用するソリューションを発表"
1,2011/10/31,http://dummy/,"IBMとSalesforce.comがAI活用で提携、WatsonとEinsteinを統合"
1,2011/11/1,http://dummy/,"ＡＩで認知症予防、インフォデリバが５月めどにサービス開始"
1,2011/11/2,http://dummy/,"フィリップス、深層学習向け世界最大級病理学データベース構築  "
1,2011/11/3,http://dummy/,"ロボやＡＩ活用促す 神戸商議所、17年度事業計画案 "
1,2011/11/4,http://dummy/,"人工知能カメラアプリ「Microsoft Pix」がフラッシュに対応！動作も高速化"
1,2011/11/5,http://dummy/,"パーソナルAIコーチが最適な食事などを提案してくれるアプリ「FiNC」が一般公開"
1,2011/11/6,http://dummy/,"IDCフロンティア、「NVIDIA Tesla P100」採用のディープラーニング環境をクラウドで提供"
1,2011/11/7,http://dummy/,"AIによる地盤解析を実用化　地盤ネットHD"
1,2011/11/8,http://dummy/,"サイバーエージェント子会社のAIメッセンジャー、沖縄チャットセンターの対応を開始"
1,2011/11/9,http://dummy/,"人工知能が著作権フリーのオリジナル音楽を自動生成する「Amper Music」"
1,2011/11/10,http://dummy/,"理研のＡＩ開発用スパコン、富士通が受注  "
1,2011/11/11,http://dummy/,"富士通、「思考するＡＩ」開発へ　理研と共同研究"
1,2011/11/12,http://dummy/,"人工知能スタートアップ「Ozlo」、ボットに依頼内容の不明点に質問で返す能力をもたらす"
1,2011/11/13,http://dummy/,"世界初 不正監視にＡＩ導入へ 日本取引所グループ"
1,2011/11/14,http://dummy/,"人工知能がポーカーでもトッププロに勝利"
1,2011/11/15,http://dummy/,"横浜市、ごみ分別方法を人工知能が案内　ドコモと実証実験 "
1,2011/11/16,http://dummy/,"香港の人工知能・機械学習スタートアップ特化アクセラレータZeroth.ai、スタートアップ・スタジオのMind Fundと資本業務提携"
1,2011/11/17,http://dummy/,"物流 30年完全無人化 ＡＩ活用 政府が工程表"
1,2011/11/18,http://dummy/,"ネイバー、人工知能「クローバ」を公開"
1,2011/11/19,http://dummy/,"人工知能を利用して学生と企業をマッチング！「GROWマッチング」登録学生25,000名を突破"
1,2011/11/20,http://dummy/,"人工知能技術による対話型自動Q&A サービスの提供開始について"
1,2011/11/21,http://dummy/,"LINE、人工知能プラットフォームに参戦！スマートスピーカーを初夏に発売"
1,2011/11/22,http://dummy/,"Samsung、人工知能向けに10億ドルのファンド組成を計画中"
1,2011/11/23,http://dummy/,"羽田空港でAI搭載ロボット「MINARAI」が実証実験 - AI＋人だからできるおもてなし"
1,2011/11/24,http://dummy/,"手書きの内容も人工知能でデータ化する「Tegaki」の開発元が13億円を調達"
1,2011/11/25,http://dummy/,"クラウド・人工知能を搭載した電力小売供給基幹システム「Odin」、運営元が11.8億円の資金調達"
1,2011/11/26,http://dummy/,"イオン、従業員の質問にＡＩが回答　接客能力高める"
1,2011/11/27,http://dummy/,"高速道の除雪、ＡＩで効率化　東日本高速 "
1,2011/11/28,http://dummy/,"ミツバグループ、グローバル53社の人事評価でAI活用"
1,2011/11/29,http://dummy/,"分析モデルの開発、展開を機械学習で自動化　IBMが提供へ"
1,2011/11/30,http://dummy/,"機械学習を中堅中小にも、PBCがERP「Dynamics NAV」新版"
1,2011/12/1,http://dummy/,"NTTドコモと東京無線が“ウーバー対抗策”、AIでタクシー需要を予測"
1,2011/12/2,http://dummy/,"ローソン、健康志向に応じ商品提案　ＬＩＮＥでＡＩが対応 "
1,2011/12/3,http://dummy/,"オンキヨー、ＡＩ家電に100億円投資　20年度に売上高400億円  "
1,2011/12/4,http://dummy/,"ＡＩ用スパコン、夏ごろから稼働　東工大"
1,2011/12/5,http://dummy/,"GoogleのAIライブラリ「TensorFlow」がVer.1.0に　高速化してより柔軟に、新APIも追加"
1,2011/12/6,http://dummy/,"マイクロソフト、AIとロボットで接客するためのクラウドサービス"
1,2011/12/7,http://dummy/,"ユニクロのネット通販、ＡＩがお薦め商品提案　米で実験"
1,2011/12/8,http://dummy/,"独ボッシュ、ＩＢＭとＩｏＴで提携　ワトソン活用  "
1,2011/12/9,http://dummy/,"Microsoft、ドローンのAI学習シミュレーターをオープンソース公開"
1,2011/12/10,http://dummy/,"IBM、Watson活用のコンテンツ管理ツール「Watson Content Hub」を発表"
1,2011/12/11,http://dummy/,"アークロボ」好評　人工知能で光熱費削減、郡山・内藤工業所"
1,2011/12/12,http://dummy/,"人工知能を活用したFXサービスを目指して日本マイクロソフトとSBIグループ"
1,2011/12/13,http://dummy/,"人工知能がリアルタイム翻訳「KDDI AI翻訳」登場　ディープラーニング活用"
1,2011/12/14,http://dummy/,"サイバーの人工知能のアドテクノロジー活用を図る「AI Lab」、東京工業大学と産学連携 "
1,2011/12/15,http://dummy/,"アプリ開発/制作のゆめみ、株式会社セレスと人工知能（AI）及び機械学習に関する研究所、 ビジネスサイエンスAIラボを共同設立"
1,2011/12/16,http://dummy/,"問い合わせ内容の可視化と人工知能（AI）技術を融合エネルギー事業者に特化したAIチャットサービスを提供開始"
1,2011/12/17,http://dummy/,"官民が連携し、先進型AI技術の研究ラボを設立"
1,2011/12/18,http://dummy/,"IBM、Watson活用のセキュリティ対策サービスを発表"
1,2011/12/19,http://dummy/,"AIでチームを成長　プロジェクト管理ツール「Commu」β版が公開"
1,2011/12/20,http://dummy/,"Ford、Google出身者のAI企業に10億ドル投資、4年で完全自動運転実現へ"
1,2011/12/21,http://dummy/,"車の運転、ＡＩ使い評価　目の動きや反応時間測定　教習所に販売"
1,2011/12/22,http://dummy/,"富士ゼロ　ＡＩが秘書役　複写機情報も分析"
1,2011/12/23,http://dummy/,"Google、機械学習を活用したG Suite向け業務アシスタント「Cloud Search」"
1,2011/12/24,http://dummy/,"サイバネット、機械学習を用いた内視鏡診断システムの特許を取得"
1,2011/12/25,http://dummy/,"カブク、特許出願中の人工知能を活用した製造方法・工場最適化技術により、オンデマンド製造サービスを強化"
1,2011/12/26,http://dummy/,"機械学習のクラウドプラットフォームを提供するグルーヴノーツ、5億円を資金調達"
1,2011/12/27,http://dummy/,"NTT、AIで糖尿病患者の受信中断を予測するモデルを東大と共同構築"
1,2011/12/28,http://dummy/,"「カード不正利用」の検知精度、深層学習で劇的向上  "
1,2011/12/29,http://dummy/,"ＡＩで化学物質審査短く　経産省、企業の開発環境整備"
1,2011/12/30,http://dummy/,"ＡＩで効果的な薬剤特定　米大、カエルで病気再現  "
1,2011/12/31,http://dummy/,"ＡＩ運用の投信、ゴールドマンが日本参入"
1,2012/1/1,http://dummy/,"ＡＩで働き方改革　三井物産、社内情報共有しやすく"
1,2012/1/2,http://dummy/,"ＡＩ人材育成へ養成機関　損保ジャパン"
1,2012/1/3,http://dummy/,"転機の中古マンション市場（下）　物件取引にもＡＩの波"
1,2012/1/4,http://dummy/,"韓国ネイバー、自動運転ＡＩ開発に力"
1,2012/1/5,http://dummy/,"ＡＳワトソン、カナダのＡＩベンチャーに80億円投資"
1,2012/1/6,http://dummy/,"ＡＩでICUの合併症予測、NTTデータが欧州で実証実験"
1,2012/1/7,http://dummy/,"日揮・ＮＥＣ、ＡＩでプラント運営支援　故障予知など  "
1,2012/1/8,http://dummy/,"「ブラフ」もできる人工知能、ポーカーのトッププロ撃破　2億円相当の勝利"
1,2012/1/9,http://dummy/,"最適ながん治療、ＡＩが指南　がん研究会など開発へ  "
1,2012/1/10,http://dummy/,"東大、ＡＩ道路管理の実証実験"
1,2012/1/11,http://dummy/,"ＡＩが「偽トランプ節」　ＭＩＴ研究者開発、ツイッターで  "
1,2012/1/12,http://dummy/,"質問の意味を理解して回答を探すFAQエンジン、NTTコムがサービス提供"
1,2012/1/13,http://dummy/,"NECと福田道路、ディープラーニングで「舗装損傷診断システム」を共同開発"
1,2012/1/14,http://dummy/,"パナソニックと産総研、業務支援システムなど開発の先進型AI連携研究ラボ"
1,2012/1/15,http://dummy/,"CData、Google機械学習ライブラリとODBCデータソースを連携させる製品"
1,2012/1/16,http://dummy/,"NTT、ネットワーク障害の原因を推定するAI技術を開発"
1,2012/1/17,http://dummy/,"Apple、GoogleらのAI（人工知能）普及団体に参加"
1,2012/1/18,http://dummy/,"IBM POWER8対応ディープラーニング開発ツール群「IBM PowerAI」が「TensorFlow」フレームワークをサポート"
1,2012/1/19,http://dummy/,"PFNの深層学習フレームワーク「Chainer」が大幅な高速化へ、分散処理に対応"
1,2012/1/20,http://dummy/,"米IBM、機械学習ソフトウエア群「PowerAI」でGoogleの「TensorFlow」をサポート"
1,2012/1/21,http://dummy/,"丸紅新電力と日本気象協会、AIで電力需要を予測する実証試験を開始"
1,2012/1/22,http://dummy/,"トンネル工事にＡＩ　発破後の安定度を予測  "
1,2012/1/23,http://dummy/,"Appleが横浜に設置の人工知能研究開発拠点、菅官房長官が視察！3月までに稼働！"
1,2012/1/24,http://dummy/,"ＡＩ活用し道路補修効率化　千葉市・東大など共同実験  "
1,2012/1/25,http://dummy/,"ＡＩで生産ライン制御　オムロンが新サービス 熟練技術者の技を代替"
1,2012/1/26,http://dummy/,"ダボス会議、ＡＩ導入「第４次産業革命」焦点 "
1,2012/1/27,http://dummy/,"中央省庁職員の働き方改革へＡＩ活用検討　官房長官表明"
1,2012/1/28,http://dummy/,"人工知能が脳波を読み取り自動作曲　聞いたら本当に気分が高揚した"
1,2012/1/29,http://dummy/,"政府のＡＩ関連予算、異例の前年度比約17億円増へ"
1,2012/1/30,http://dummy/,"AIビジネス推進へ新ビジネスコミュニティを設立--マイクロソフトの平野社長"
1,2012/1/31,http://dummy/,"Baidu、Microsoft幹部のリュー博士を引き抜きCOOに──「世界のAIリーダーを目指す」"
1,2012/2/1,http://dummy/,"Google、機械学習で低解像度画像をシャープに見せる「RAISR」をサービスで実用化"
1,2012/2/2,http://dummy/,"「もっとゆっくり」効果的な謝罪、ＡＩが指南 "
1,2012/2/3,http://dummy/,"気分晴れる曲をＡＩで作曲　阪大など、脳波調べ自動で  "
1,2012/2/4,http://dummy/,"土砂災害、ＡＩで検知 国総研と産総研、高精度センサー開発へ"
1,2012/2/5,http://dummy/,"人工知能・ワトソン2世「IBM MERA」は介護に特化…将来的にPepperにも搭載か"
1,2012/2/6,http://dummy/,"日立、ＩｏＴで働き方改革へ米社と提携　職場をＡＩ解析・助言  "
1,2012/2/7,http://dummy/,"AIの産業化イメージを3フェーズで提示、人工知能技術戦略会議が開催"
1,2012/2/8,http://dummy/,"ＡＩ導入に伴う問題議論「国際的枠組み必要」　内閣府報告"
1,2012/2/9,http://dummy/,"ノーベル賞学者がＡＩの未来討論　２月26日、東京で"
1,2012/2/10,http://dummy/,"Microsoft、AI研究のカナダMaluubaを買収へ"
1,2012/2/11,http://dummy/,"収益不動産のビッグデータと人工知能(AI)を活用して新たに非公開物件対応サービスを提供開始"
1,2012/2/12,http://dummy/,"AIでベテラン技師の精度を実現、ボイラー燃料調整を自動化 "
1,2012/2/13,http://dummy/,"三菱UFJ、コールセンターの統合を検討。AI活用し業務最適化"
1,2012/2/14,http://dummy/,"タイヤ生産システムにAI技術搭載の分析プラットフォームを提供"
1,2012/2/15,http://dummy/,"Watson日本語版を活用したチャット型社内ヘルプデスクサービス「AI-Q」"
1,2012/2/16,http://dummy/,"SHIFT PLUS、AIを活用した自動応答のカスタマーサポートサービス実証実験"
1,2012/2/17,http://dummy/,"ＳＩ、ＥＣサイト構築ソフト機能強化で他社と提携　ＡＩ活用など"
1,2012/2/18,http://dummy/,"Studio Ousiaが人工知能質問応答システム「QA Engine」をリリース、freeeのチャットサポートで運用を開始"
1,2012/2/19,http://dummy/,"MAGELLAN BLOCKS 機械学習サービス αリリースを開始"
1,2012/2/20,http://dummy/,"LinkedIn創始者ら、社会に利するAIに向けた基金を設立"
1,2012/2/21,http://dummy/,"RemedyはKhosla Venturesが支援するAI利用の低料金遠隔医療サービス"
1,2012/2/22,http://dummy/,"内閣府ら主催のAIコンテスト、お題はクックパッド投稿データの「画像認識」"
1,2012/2/23,http://dummy/,"CTC、AI普及に向け機械学習/深層学習フレームワーク提供のグリッドと協業"
1,2012/2/24,http://dummy/,"ＬＧエレクトロニクス、人工知能を活用したスマートフォンのアフターサービスを提供"
1,2012/2/25,http://dummy/,"機械学習向けアクセラレータの新シリーズを発売"
1,2012/2/26,http://dummy/,"五輪控えＡＩで不審者検出　三菱電機、高齢者ら支援も"
1,2012/2/27,http://dummy/,"ＡＩ活用融資で顧客拡大　みずほＦＧ 佐藤社長"
1,2012/2/28,http://dummy/,"チャイナモバイルのAI顧客対応サービス「EVA」人件費大幅削減に成功"
1,2012/2/29,http://dummy/,"欧州トラック分野のトップサプライヤー「ＺＦ」、NVIDIAとＡＩベースの自動運転システムを発表"
1,2012/3/1,http://dummy/,"官民で日本語認識ＡＩを開発へ　病院や自動車との対話システムも　総務省が夏までに計画策定"
1,2012/3/2,http://dummy/,"運搬ロボット、ＡＩで自動走行　シーオスが開発  "
1,2012/3/3,http://dummy/,"社内問い合わせにＡＩが回答　損保ジャパン、２月から実験"
1,2012/3/4,http://dummy/,"ＡＩ使ったアプリで英会話応援　IBM「ワトソン」活用 "
1,2012/3/5,http://dummy/,"「これ、どこの写真？」が分かる　賢い画像検索 "
1,2012/3/6,http://dummy/,"アルファ碁」改良、連戦連勝 囲碁ＡＩ、ネット対局でトップ級棋士に "
1,2012/3/7,http://dummy/,"オンキヨー、声で操作できるスピーカー開発へ　ＡＩ活用  "
1,2012/3/8,http://dummy/,"フリービット、機械学習/AIによるビッグデータ分析に特化したSIサービスを開始"
1,2012/3/9,http://dummy/,"中国銀行、AIベンチャーのゼネリックソリューションとFinTechで協業"
1,2012/3/10,http://dummy/,"日産の自動運転では人間のオペレーターがAIを遠隔サポート、ゴーンCEOの基調講演"
1,2012/3/11,http://dummy/,"中国・華為、アマゾンのＡＩ使うスマホ　米開拓の目玉に  "
1,2012/3/12,http://dummy/,"日本オラクル、ＡＩのビジネス分析ツール提供  "
1,2012/3/13,http://dummy/,"トヨタ、ＡＩ車開発を加速　米家電見本市６日開幕  "
1,2012/3/14,http://dummy/,"米エヌビディア、自動運転向けＡＩで独ボッシュなどと提携"
1,2012/3/15,http://dummy/,"商船三井、ＡＩで船の衝突回避　危険性を診断 "
1,2012/3/16,http://dummy/,"ベルシステム24、ＡＩ活用したコールセンター"
1,2012/3/17,http://dummy/,"タマゴ形ロボット、ＡＩで対話　パナソニックが試作"
1,2012/3/18,http://dummy/,"佐賀大学とオプティム　ＡＩ活用、医療技術共同研究  "
1,2012/3/19,http://dummy/,"ＡＩに公的認証制度　総務省方針、開発・普及促す"
1,2012/3/20,http://dummy/,"ＡＩ専用のコンピューター、中小に貸し出し　産総研  "
1,2012/3/21,http://dummy/,"デンソーとNEC、AIやIoTを活用した高度運転支援・自動運転で協業"
1,2012/3/22,http://dummy/,"Apple、初の人工知能（AI）関連の論文発表"
1,2012/3/23,http://dummy/,"freee、2018年末までに経営分析や未来予測などAIを活用したサービスを開発"
1,2012/3/24,http://dummy/,"韓国ロッテ、ＡＩでＩＢＭと提携"
1,2012/3/25,http://dummy/,"AI転職マッチングプラットフォーム「mitsucari」を展開するミライセルフ、京都大学イノベーションキャピタルから7,000万円を調達"
1,2012/3/26,http://dummy/,"人工知能搭載の学習プラットフォーム「WALS」にキャリア機能追加"
1,2012/3/27,http://dummy/,"局所の天気、ＡＩで予測　エコモットがシステム開発"
1,2012/3/28,http://dummy/,"医療に人工知能活用　佐大とオプティム共同研究 [佐賀県]"
1,2012/3/29,http://dummy/,"富国生命、支払査定業務にWatsonを利用 - 業務処理の負担を30％程度削減"
1,2012/3/30,http://dummy/,"将棋ソフト「Ponanza」開発者を擁するHEROZ、バンナムと資本・業務提携"
1,2012/3/31,http://dummy/,"ＡＩで顧客の感情分析　損保ジャパン、保険金支払い円滑化  "
1,2012/4/1,http://dummy/,"NTTデータとLeapMind、ディープラーニングによるSNS投稿解析ツール共同開発"
1,2012/4/2,http://dummy/,"佐賀大学とオプティム、AIによる眼底画像診断など未来型医療の研究成果を発表"
1,2012/4/3,http://dummy/,"野村不動産アーバンネットの不動産情報サイト、人工知能活用したチャット型Q＆A サービスを開始"
1,2012/4/4,http://dummy/,"トヨタも米でＡＩ開発"
1,2012/4/5,http://dummy/,"「ＡＩ普及後、米で数百万人失職」　オバマ政権が可能性指摘"
1,2012/4/6,http://dummy/,"ＬＧ電子がＡＩ家電　冷蔵庫など17年にも発売  "
1,2012/4/7,http://dummy/,"野村不動産ＨＤ、不動産売買の疑問にＡＩが回答"
1,2012/4/8,http://dummy/,"ＡＩ研究・開発で連携 理研・奈良先端大など、けいはんな拠点"
1,2012/4/9,http://dummy/,"ブレイン・ラボがHEROZと業務提携、「brain insight matching」を開発決定、プロ棋士を破った将棋人工知能技術で未来の「はたらく」を変革する一手を"
1,2012/4/10,http://dummy/,"Microsoftがインドで目の健康のために機械学習を活用、Google DeepMindに対抗"
1,2012/4/11,http://dummy/,"NECが創薬事業の新会社を設立、自社開発AIで実験データを解析"
1,2012/4/12,http://dummy/,"横浜銀、ＡＩ会計で融資の審査期間半分に  "
1,2012/4/13,http://dummy/,"東北大、スピントロニクス素子を使った人工知能の動作実証に成功"
1,2012/4/14,http://dummy/,"ＮＥＣ、監視カメラに映った人の視線をＡＩで解析  "
1,2012/4/15,http://dummy/,"営業アシスタントAIのConversicaがシリーズBで3400万ドルを調達"
1,2012/4/16,http://dummy/,"ＡＩで手軽に需要予測　プログラムの知識不要　グルーヴノーツ"
1,2012/4/17,http://dummy/,"ＮＥＣ、ＡＩでビッグデータ解析　専門家不足に対応  "
1,2012/4/18,http://dummy/,"医療文書作成、ＡＩで下書き　シェアメディカルが開発 "
1,2012/4/19,http://dummy/,"アウディが人工知能による全自動駐車技術を発表。スペースの確保から駐車まで"
1,2012/4/20,http://dummy/,"ドコモの人工知能自然対話システム、「ロボホン」も利用可能に"
1,2012/4/21,http://dummy/,"ALBERT、新製品 Proactive AI(プロアクティブ エーアイ)を提供開始 〜人工知能・機械学習を駆使するチャットボット型接客ツール〜"
1,2012/4/22,http://dummy/,"AI技術を活用したデータ分析自動化の実証実験について"
1,2012/4/23,http://dummy/,"日立システムズPS、IoT+AIでごみ焼却炉の運転効率を向上させるPoCサービス"
1,2012/4/24,http://dummy/,"子供の感情をAIが分析…学習意欲を高める教育支援ロボ「MONICA」登場"
1,2012/4/25,http://dummy/,"世界初！「五感」搭載AI-ロボカメラ アースアイズ　 2017年1月より店舗向けee1-R発売！"
1,2012/4/26,http://dummy/,"TMJ、Watsonを活用したコールセンター向けフィジビリティスタディサービス"
1,2012/4/27,http://dummy/,"口コミ分析2000円から　ＡＩ活用  "
1,2012/4/28,http://dummy/,"三菱ＵＦＪ銀、訪日客の購入情報を販売　中国ＳＮＳ分析  "
1,2012/4/29,http://dummy/,"人工知能サービス「Google アシスタント」が日本語に対応！AndroidとiPhoneなどのiOS向け新世代のメッセンジャーアプリ「Allo」で利用可能 "
1,2012/4/30,http://dummy/,"リクルート、人工知能を活用した営業アシスタントサービスを提供するConversica, Inc.への出資を実施"
1,2012/5/1,http://dummy/,"Audit Analytics、データを活用した手続の深化により監査品質のさらなる高度化へ"
1,2012/5/2,http://dummy/,"クリーク・アンド・リバー社:人工知能(AI)が解析するソーシャルメディア解析ツールの提供を開始"
1,2012/5/3,http://dummy/,"マイクロソフト、翻訳アプリをリリースへ−ＡＩでグーグルなどに対抗"
1,2012/5/4,http://dummy/,"米マイクロソフト、ＡＩ特化のファンド　カナダ社に出資  "
1,2012/5/5,http://dummy/,"三井住友銀、サイバー防御にＡＩ活用　迅速に対応  "
1,2012/5/6,http://dummy/,"米Amazon Web Services、ボット作成・音声合成・画像解析の3つのAIサービスを発表"
1,2012/5/7,http://dummy/,"AIがストレスケア必要な社員を予測。日立ソリュ、人事関連業務支援サービス"
1,2012/5/8,http://dummy/,"三井住友銀、サイバー防御にＡＩ活用　迅速に対応  "
1,2012/5/9,http://dummy/,"IoT、AI、FinTechなど台湾のデジタル化推進で協創"
1,2012/5/10,http://dummy/,"日本MSなど3者、女子高生AIりんなによる人間との感情共有研究"
1,2012/5/11,http://dummy/,"日生、ＡＩで保険提案　17年４月にも本格稼働  "
1,2012/5/12,http://dummy/,"手本は人の脳　デンソー、低価格・省電力化でAI車載へ  "
1,2012/5/13,http://dummy/,"日生、ＡＩで保険提案　17年４月にも本格稼働"
1,2012/5/14,http://dummy/,"ホンダ、AI技術「感情エンジン」を搭載したEVコンセプトカーを発表"
1,2012/5/15,http://dummy/,"理研や京大、オムロンなどＡＩで連携　医療・健康、介護向け  "
1,2012/5/16,http://dummy/,"Google、人工知能エージェント学習プラットフォームをオープンソース化"
1,2012/5/17,http://dummy/,"SAS、AI技術を融合した需要予測ソリューションの最新版"
1,2012/5/18,http://dummy/,"ワードにＡＩ　視覚障害者向け写真説明を自動生成"
1,2012/5/19,http://dummy/,"インテル、CPUに最適化した人工知能(AI)の普及戦略を解説"
1,2012/5/20,http://dummy/,"サイバーエージェント、チャット内容からユーザーに応じた情報をプッシュ通知で配信する機能を開発"
1,2012/5/21,http://dummy/,"AI開発者マッチングのジェニオ、AI開発のAtionsとAI活用サービスで事業提携"
1,2012/5/22,http://dummy/,"ユナイテッド・ヘルスコミュニケーション　ＡＩと専門家のコラボでメンタルヘルスを支援“ウィティ”発表"
1,2012/5/23,http://dummy/,"AIビジネス市場は2030年度に2兆円規模に、2015年度の14倍"
1,2012/5/24,http://dummy/,"東レエンジニアリングがＡＩで工程管理やプラント効率化"
1,2012/5/25,http://dummy/,"Microsoftが新たな人工知能チャットボット「Zo」を公開"
1,2012/5/26,http://dummy/,"Uberが人工知能の研究施設を開設、フードデリバリーから自動運転車まで各事業に展開"
1,2012/5/27,http://dummy/,"融雪システム、ＡＩ活用　エコモット　北大ＶＢと共同開発"
1,2012/5/28,http://dummy/,"独シーメンス、ＩｏＴで米ＩＢＭ「ワトソン」と連携"
1,2012/5/29,http://dummy/,"アップルが秘密主義から一転、人工知能の研究成果を発表へ--米報道"
1,2012/5/30,http://dummy/,"ALBERT、24億円の資金調達を完了〜自動運転・ヘルスケア・IoT領域等への人工知能活用に積極投資〜"
1,2012/5/31,http://dummy/,"「AI関連企業」をAIで選別する指数を野村証券が開発。ETFを上場へ"
1,2012/6/1,http://dummy/,"日本初！FXサービスにシルバーエッグ・テクノロジーの AI技術を駆使したリアルタイム・レコメンド機能を搭載"
1,2012/6/2,http://dummy/,"IBMが「Watsonでサイバー防御」のベータ運用開始、三井住友銀行が参加"
1,2012/6/3,http://dummy/,"アマゾン、実店舗へＧＯ　ＡＩで自動会計  "
1,2012/6/4,http://dummy/,"高齢者の転倒、ＡＩで予防　パナソニック系  "
1,2012/6/5,http://dummy/,"ＡＩで画像処理、病理診断を支援　インスペック開発参加"
1,2012/6/6,http://dummy/,"記事の価値、AIが判断――国内新聞社初、産経の新アプリは“AIが編集”"
1,2012/6/7,http://dummy/,"アウディAG、人工知能のディープラーニングによる自動パーキングを実演"
1,2012/6/8,http://dummy/,"新・不動産管理システム「みらいえ」リリース。「直感操作」と「人工知能（AI）」で集客・成約をサポート "
1,2012/6/9,http://dummy/,"産総研、日本の知見生かしたロボット用ＡＩ開発?専用スパコン導入 "
1,2012/6/10,http://dummy/,"阪大、医療にＡＩ ｉＰＳ細胞やがん画像を識別、産学で勉強会"
1,2012/6/11,http://dummy/,"マイクロソフトのAIチャットボット「Zo」が先行公開--政治の話には乗らず"
1,2012/6/12,http://dummy/,"JALがWatsonを試験導入、ハワイ旅行関連の質問にチャットで返答"
1,2012/6/13,http://dummy/,"FRONTEO、転倒・転落の予兆を察知する「転倒転落予測システム」ベータ版"
1,2012/6/14,http://dummy/,"カゴメ、モバイルヘルスケアや人工知能のFiNCと協業"
1,2012/6/15,http://dummy/,"ＡＩが国会答弁下書き　経産省が実証実験  "
1,2012/6/16,http://dummy/,"ユナイテッド・ヘルス、メンタルヘルスにＡＩが助言選択"
1,2012/6/17,http://dummy/,"そろばん式暗算にAI導入、暗算教室・東大研究室が共同開発"
1,2012/6/18,http://dummy/,"東電ＨＤ、電力向けＡＩの米ベンチャーに出資　ノウハウ吸収  "
1,2012/6/19,http://dummy/,"タクシー配車にビッグデータやＡＩ活用　モバクリ　アプリ普及へ  "
1,2012/6/20,http://dummy/,"AWS HD、ソフトバンクとIBM Watsonエコシステムパートナー契約を締結"
1,2012/6/21,http://dummy/,"米フェイスブック、ＡＩ理解促進へ解説ビデオ"
1,2012/6/22,http://dummy/,"商船三井、船舶IoTやAIの活用を推進する「スマートシッピング推進室」を新設"
1,2012/6/23,http://dummy/,"音声を高い精度で文字に、京大　ＡＩ技術を導入"
1,2012/6/24,http://dummy/,"ソフトバンクと京都府、ＡＩやロボで地域活性化  "
1,2012/6/25,http://dummy/,"臨海と柏にＡＩ研究施設を建設　産総研"
1,2012/6/26,http://dummy/,"ジャストシステム、ディープラーニングを取り入れた「ATOK 2017」"
1,2012/6/27,http://dummy/,"Facebook、ライブ動画の不適切コンテンツ検出にAIを導入か"
1,2012/6/28,http://dummy/,"AIで人や組織のパフォーマンス最大化、日立ソリューションズの「リシテア/AI分析」"
1,2012/6/29,http://dummy/,"AIでタクシー配車を最適化、NTTドコモと名古屋のつばめタクシー"
1,2012/6/30,http://dummy/,"米アマゾン、ＡＩの実用化支援　クラウドサービスで  "
1,2012/7/1,http://dummy/,"米IBM、ディープラーニングエンタープライズソリューションでNVIDIAと提携"
1,2012/7/2,http://dummy/,"日立造船、ごみ焼却発電をＡＩで監視　不具合を予知  "
1,2012/7/3,http://dummy/,"新規問い合わせ率が約2.5倍に--AIがサイト改善策を提案"
1,2012/7/4,http://dummy/,"富士通、世界最速クラスのディープラーニング基盤とAI関連サービスを提供"
1,2012/7/5,http://dummy/,"NTTコムウェア、AIを利用する補修が必要な道路の検出システム"
1,2012/7/6,http://dummy/,"導入に踏み切れない企業にIBM Watsonを使った「おてがるデータ分析環境サービス」- 情報技術開発"
1,2012/7/7,http://dummy/,"NTT西日本など、大阪でAI搭載ロボットによる観光案内の実証実験"
1,2012/7/8,http://dummy/,"井山王座 VS ＡＩ、新たな囲碁国際戦 大阪で来年３月 "
1,2012/7/9,http://dummy/,"がん治療にＡＩ活用　国立がんセンターなど、超早期診断めざす  "
1,2012/7/10,http://dummy/,"ＡＩとつながる英会話ロボ開発　ＣＡＩメディア"
1,2012/7/11,http://dummy/,"電機各社、ＡＩに３年で3000億円投資"
1,2012/7/12,http://dummy/,"ＦＲＯＮＴＥＯ、文章解析ＡＩの導入支援 "
1,2012/7/13,http://dummy/,"人工知能を活用したモデルのリテールバンキング業務への本格導入について"
1,2012/7/14,http://dummy/,"人工知能がニッチ技術とメーカー技術者の仲を取り持つ。技術系マッチングサイト「TEC-PAL」始動"
1,2012/7/15,http://dummy/,"AIで顧客対応を効率化、日本ユニシスが新サービス"
1,2012/7/16,http://dummy/,"NECがSI子会社2社を統合、AIやIoTへ要員を集結"
1,2012/7/17,http://dummy/,"女性向けにAIでお出かけプランを作成するアプリ「Deaps」 - Deaps Technologies"
1,2012/7/18,http://dummy/,"広島銀、ＡＩ活用したスマホアプリ"
1,2012/7/19,http://dummy/,"ＮＥＣ、雑踏の中でも音聞き分けるＡＩ  "
1,2012/7/20,http://dummy/,"エニドア、AI向け多言語機械学習データ作成サービスをリリース"
1,2012/7/21,http://dummy/,"サイバーエージェントが米イェール大研究者と連携、経済学とAIをアドテクに応用"
1,2012/7/22,http://dummy/,"Pepperが介護業務を支援するロボアプリ「ケア樹あそぶ for Pepper」発売"
1,2012/7/23,http://dummy/,"物流システム、ＡＩ活用で協業　フレームワークス"
1,2012/7/24,http://dummy/,"DeepMindのAI、読唇でも人間のプロに勝つ"
1,2012/7/25,http://dummy/,"スマホに触れず音楽再生やSMS送信…AI搭載カーデバイス「Dashbot」"
1,2012/7/26,http://dummy/,"産総研、ＡＩ特化のスパコン開発に着手　深層学習で世界一狙う"
1,2012/7/27,http://dummy/,"米AKA、人工知能搭載の英語学習ロボット「Musio」を発表"
1,2012/7/28,http://dummy/,"Microsoft、ニューラルネットワークを使った翻訳機能を実装開始"
1,2012/7/29,http://dummy/,"Google翻訳、機械学習の結果から日本語と韓国語の直接翻訳に成功"
1,2012/7/30,http://dummy/,"インフォメティスと日東工業、AIを利用した電気代の見える化"
1,2012/7/31,http://dummy/,"データセクション、ＡＩ分野を軸に増収増益"
1,2012/8/1,http://dummy/,"ＡＩ融資で新会社　みずほとソフトバンク、17年春にも"
1,2012/8/2,http://dummy/,"AI（人工知能）を活用した店舗開発「店舗適地診断サービス」の開始"
1,2012/8/3,http://dummy/,"グーグルのDeepMind、読唇術で人間の専門家に勝つ"
1,2012/8/4,http://dummy/,"Google、カナダに人工知能の研究グループを設置"
1,2012/8/5,http://dummy/,"人工知能（AI）とコンシェルジュ連携の24時間対応新サービス　『沖縄AIチャットコンシェルジュ（β版）』開始"
1,2012/8/6,http://dummy/,"AIと共同で制作した楽曲披露するチャリティーコンサート 東京都市大で"
1,2012/8/7,http://dummy/,"国産囲碁ＡＩ、プロに惜敗　趙名誉名人に１勝２敗  "
1,2012/8/8,http://dummy/,"三菱商事、ＩＢＭ「ワトソン」を社内導入?AIが社員の問い合わせに応答 "
1,2012/8/9,http://dummy/,"AIスタートアップのABEJA、自社SaaSの深層学習プラットフォームをPaaS化"
1,2012/8/10,http://dummy/,"GoogleとIntel、AIとIoTで戦略的提携──TensorFlowのIA最適化など"
1,2012/8/11,http://dummy/,"NRI、2022年までのVRやシェアリングエコノミー、AIなどを動向解説"
1,2012/8/12,http://dummy/,"不正会計、ＡＩで監視　新日本監査法人が開発へ  "
1,2012/8/13,http://dummy/,"ネスレと日本ＩＢＭ、ＡＩで顧客対応  "
1,2012/8/14,http://dummy/,"LOHACO／LINEの法人向け新カスタマーサポートサービス導入"
1,2012/8/15,http://dummy/,"Automagi、在庫適正化や欠品回避に利用できるAIソリューションを提供"
1,2012/8/16,http://dummy/,"慶大のＡＩ、医師試験合格に近づく　正答率55％超に  "
1,2012/8/17,http://dummy/,"三菱重・日立・タタ、石炭火力をＡＩで効率化  "
1,2012/8/18,http://dummy/,"人工知能「SENSY(センシー)」「IBM Watson」を活用したチャットボット「SENSY bot」のβ版をリリース"
1,2012/8/19,http://dummy/,"企業向けウイルスバスター「XG」発表、AIによる機械学習と従来技術をブレンド"
1,2012/8/20,http://dummy/,"MSの機械学習サービス「Azure ML」が東日本リージョンで利用可能に"
1,2012/8/21,http://dummy/,"企業のAIやIoTなどの研究開発、2017年度税制改正で検討"
1,2012/8/22,http://dummy/,"ToDo管理アプリ「Todoist」、秘書AI「スマートスケジュール」を搭載"
1,2012/8/23,http://dummy/,"訪日旅行 ＡＩが助言　ＫＮＴ、旅館などに多言語チャット提供"
1,2012/8/24,http://dummy/,"Google翻訳システム「人工知能技術」統合…日本語も対象"
1,2012/8/25,http://dummy/,"SSP「fluct」、人工知能搭載のDSP「Logicad」と連携開始"
1,2012/8/26,http://dummy/,"AIによる投資物件の配信サービス「VALUE」がLINE対応開始"
1,2012/8/27,http://dummy/,"約20年後、AIで日本の経済成長率は3倍以上に　アクセンチュア調べ"
1,2012/8/28,http://dummy/,"AIを活用した防犯ロボットカメラの店舗向けモデルが先行発売へ"
1,2012/8/29,http://dummy/,"インテリムとU-NEXTマーケティングが、AIを用いたメディカルコールセンターの提供について協業を開始"
1,2012/8/30,http://dummy/,"アストマックス投信投資顧問、AIとヤフーのビッグデータを活用したファンド商品を発表"
1,2012/8/31,http://dummy/,"高齢者見守り　ＡＩが「ＥＹＥ」に"
1,2012/9/1,http://dummy/,"セールスフォース・ドットコムが機械学習プラットフォーム「Einstein」の説明会"
1,2012/9/2,http://dummy/,"Microsoft、Elon Musk氏が支援するAI研究機関「OpenAI」と提携"
1,2012/9/3,http://dummy/,"ベルシステム24は11月9日、「CX TECHNOLOGY FORUM 2016 〜『人工知能と共存する』コンタクトセンターテクノロジーの展望〜」を東京で開催した。このイベントは、効率的かつ高度な対応を求められるコンタクトセンターにおけるAI活用について考察するもの。"
1,2012/9/4,http://dummy/,"ＧＥ、ＡＩベンチャー２社買収　ＩｏＴビジネス強化"
1,2012/9/5,http://dummy/,"グーグル、企業向けＡＩ強化へ新組織  "
1,2012/9/6,http://dummy/,"広島銀がスマホアプリ　口座開設、ＡＩで質問回答"
1,2012/9/7,http://dummy/,"サイバー攻防「ＡＩ対ＡＩ」に　富士通など侵入パターン解析  "
1,2012/9/8,http://dummy/,"Nextremer、早稲田大学高等研究所と量子アニーリングを用いた人工知能の共同研究を開始"
1,2012/9/9,http://dummy/,"人工知能「東ロボくん」、自動求解により東大模試数学で偏差値76.2を記録"
1,2012/9/10,http://dummy/,"テンプHDが200億円のIT投資へ、AI活用した求人管理システムやベンチャー支援に"
1,2012/9/11,http://dummy/,"ISSCC 2017の国内会見、ディープラーニング向けプロセッサの論文が増加"
1,2012/9/12,http://dummy/,"システムリサーチ、Watsonを利用した分析ソリューションパッケージを提供"
1,2012/9/13,http://dummy/,"日本IBM、コールセンター向けに音声キャプチャーソリューション"
1,2012/9/14,http://dummy/,"ＱＵＩＣＫ、ＡＩ使った速報ニュースを配信　きょうから"
1,2012/9/15,http://dummy/,"仏ヴァレオ、人工知能開発企業の株式50％を取得"
1,2012/9/16,http://dummy/,"人工知能がビルの課題を分析、最大10％の省エネに"
1,2012/9/17,http://dummy/,"韓国型人工知能　人間と初のクイズ対決"
1,2012/9/18,http://dummy/,"Ｋ−ＰＯＰコンテンツに人工知能を結合、ＳＭとＳＫＣ＆Ｃが組む"
1,2012/9/19,http://dummy/,"オークマ、工作機械にＡＩ搭載　故障リスク自ら診断 "
1,2012/9/20,http://dummy/,"SCSK、AI対話型Webエージェント「Desse」を機能強化しスマートフォンに対応"
1,2012/9/21,http://dummy/,"有効活用可能なデータの最大化をけん引するのはコグニティブ(AI) - IDC調査"
1,2012/9/22,http://dummy/,"Google「DeepMind」の人工知能は赤ん坊のように「触って覚える・判別する」能力を学習したとの発表"
1,2012/9/23,http://dummy/,"人工知能・ロボット・ヘルスケアベンチャーのセブンドリーマーズ60億円の大型資金調達を実施"
1,2012/9/24,http://dummy/,"シリーズＡ資金調達を完了＝人工知能技術の米ＯｂＥＮ"
1,2012/9/25,http://dummy/,"NTTソフトとOKWAVE、コンタクトセンター向けにAI活用の新機能"
1,2012/9/26,http://dummy/,"ＡＩ「ワトソン」が学生に進路指導　日本ＩＢＭと金沢工大  "
1,2012/9/27,http://dummy/,"AIで絶滅危惧種を追跡--グーグル「TensorFlow」で海の写真からジュゴンを検出"
1,2012/9/28,http://dummy/,"ヤフーがAIで資産運用、月間700億PVのビッグデータで将来の「スター銘柄」発掘"
1,2012/9/29,http://dummy/,"Honda、AIを使った対話型インターフェースソフトウェアの基礎技術を開発"
1,2012/9/30,http://dummy/,"国内航空券販売におけるチャット×AIでの問い合わせ対応開始　〜LINE・Facebook Messengerにていつでもお問い合わせが可能に〜"
1,2012/10/1,http://dummy/,"AIとビッグデータで投資判断　ヤフーグループの投資信託「Yjamプラス！」登場"
1,2012/10/2,http://dummy/,"Nextremer、高速道路SAでAI使った対話接客システムを実証実験"
1,2012/10/3,http://dummy/,"富士通、AIデータ解析と匿名技術を活用し医師の診察を支援する新システム"
1,2012/10/4,http://dummy/,"キヤノンやホンダなど、理研のＡＩ研究に参加"
1,2012/10/5,http://dummy/,"人工知能「あい」が質問の意図をくんで返答　OKWAVEが新サービス"
1,2012/10/6,http://dummy/,"“アメーバ”みたいな人工知能が人員配置やエネルギー管理を最適化"
1,2012/10/7,http://dummy/,"IDCフロンティアとデータアーティストが資本・業務提携"
1,2012/10/8,http://dummy/,"快適な睡眠をサポートし、そっと起こしてくれる人工知能マットレスパット『MOORING』で快眠を"
1,2012/10/9,http://dummy/,"中部経済新聞、人工知能が書いた記事を紙面に展開"
1,2012/10/10,http://dummy/,"佐賀のIT企業が高等専門学校でAI講座　人工知能の人材育成目指す"
1,2012/10/11,http://dummy/,"DeepZenGoは「昨年のAlphaGoと同等以上」、趙治勲名誉名人と対戦へ"
1,2012/10/12,http://dummy/,"会議支援AIやロボットの活用も - イトーキが提案する「近未来の""行く価値がある""オフィス」"
1,2012/10/13,http://dummy/,"仙台の起業家支援施設、ＡＩやＩｏＴ人材を育成  "
1,2012/10/14,http://dummy/,"人工知能「東ロボくん」 東大を断念"
1,2012/10/15,http://dummy/,"富士通研究所とFRDC、人工知能モデルを活用した高精度の手書き文字列認識技術を開発"
1,2012/10/16,http://dummy/,"ビットエー、米Articoolo.Incと提携。国内初となる人工知能ライティングツールの運用を開始"
1,2012/10/17,http://dummy/,"JR東、IoT・AI導入を本格化　20年後見据えた技術戦略を策定"
1,2012/10/18,http://dummy/,"カブク、三菱商事と業務提携 - 「Rinkak MMS Connect」の機能を拡張"
1,2012/10/19,http://dummy/,"人工知能ロボット「Kibiro」に1台限定の歌舞伎バージョン。税込約136万円、新宿伊勢丹の2017年夢袋として"
1,2012/10/20,http://dummy/,"人工知能を活用し楽曲自動創作　大谷教授が研究"
1,2012/10/21,http://dummy/,"Samsung、次期スマホ「Galaxy S8」にAIアシスタントを搭載か"
1,2012/10/22,http://dummy/,"Amazon、音声アシスタントの“スキル”をeコマースサイトで展開"
1,2012/10/23,http://dummy/,"クリスタ開発元のセルシス、AI研究のためイラストデータを募集"
1,2012/10/24,http://dummy/,"JR東日本にも技術提供、オープン化で輝く米名門研究所"
1,2012/10/25,http://dummy/,"「経済ＡＩ」瞬時に回答 株・為替・金利…記事やデータ解析"
1,2012/10/26,http://dummy/,"新電力エネット、ＡＩでオフィス節電支援　パリ協定にらむ  "
1,2012/10/27,http://dummy/,"「深層学習」１つのチップで　東芝、省電力で処理  "
1,2012/10/28,http://dummy/,"ＰＡＬ、ＡＩで人員最適配置　北大と提携し物流向け開発へ  "
1,2012/10/29,http://dummy/,"首都高、補修箇所をＡＩが指示　開発費は数年で回収  "
1,2012/10/30,http://dummy/,"Googleの人工知能、囲碁の次はStar Craft IIで人間と勝負"
1,2012/10/31,http://dummy/,"「販促隊長」は人工知能　講談社、異色のファン獲得大作戦"
1,2012/11/1,http://dummy/,"ARI、コールセンターの負荷軽減などを図る機械学習FAQ製品を提供"
1,2012/11/2,http://dummy/,"ＫＤＤＩ総研、糖尿病を兆候前から判定　ＡＩで予測  "
1,2012/11/3,http://dummy/,"人工知能があなたに似合う「メガネ」を判定！画期的な新サービスが話題に"
1,2012/11/4,http://dummy/,"人工知能で、訪問介護ヘルパーの訪問先とルーティングを最適化する「ユアマネージャー」がサービスを開始??まずは横浜から"
1,2012/11/5,http://dummy/,"WACUL、AIアナリストの登録数が7000サイトを突破"
1,2012/11/6,http://dummy/,"司書はペッパー！パナソニックがAIとロボットが働く蔵書管理システム"
1,2012/11/7,http://dummy/,"人工知能（AI）とエンターテインメントの次世代逆求人サイトOFFER CHRONICLE(オファークロニクル) 11/1(火) オープン！新卒者向け！"
1,2012/11/8,http://dummy/,"Adobeが人工知能「アドビ先生」発表　名前の由来は？"
1,2012/11/9,http://dummy/,"サムスン、英ＡＩベンチャーに出資"
1,2012/11/10,http://dummy/,"AI Travel、出張予約に特化した簡単手配アプリ"
1,2012/11/11,http://dummy/,"裁判判決の結果を、約8割の確率で正確に予想できる人工知能がお目見え"
1,2012/11/12,http://dummy/,"NECの人工知能は5つの質問だけで「うまい棒」の好みを当てる"
1,2012/11/13,http://dummy/,"グーグルの人工知能、自ら情報の「暗号化」を学ぶ"
1,2012/11/14,http://dummy/,"人工知能やロボットを医療・介護に 制度見直し検討へ"
1,2012/11/15,http://dummy/,"人工知能によるレコメンド機能搭載ロボット「Kibiro（キビロ）」予約開始"
1,2012/11/16,http://dummy/,"データセクション、AIが執筆した新聞記事を中部経済新聞社に提供"
1,2012/11/17,http://dummy/,"IBM、Watsonを活用した“対話型ショッピングアシスタント”を米社から買収"
1,2012/11/18,http://dummy/,"シマンテック、「Endpoint Protection 14」の提供を開始--AIを活用"
1,2012/11/19,http://dummy/,"NEC、コンタクトセンターの問い合わせ対応をAIで支援するソフトを販売"
1,2012/11/20,http://dummy/,"ファーウェイ、ネットワーク制御の自動化を目指す人工知能「Network Mind」の研究結果を発表"
1,2012/11/21,http://dummy/,"「SAS Viya」の第1弾としてAI（人工知能）技術搭載の革新的なアナリティクス製品を提供"
1,2012/11/22,http://dummy/,"東大発ベンチャー企業のモルフォと、今話題のＡＩ（人工知能）を活用した新たな技術分野で業務提携　〜画像診断を初めとした幅広い分野でシステム開発・市場への提供に合意〜"
1,2012/11/23,http://dummy/,"高齢者向け“ソーシャルメディア仲介ロボット”を開発　〜IoT技術と人工知能の連携により、 ロボットが高齢者と若年層のLINEによるコミュニケーションを仲介〜"
1,2012/11/24,http://dummy/,"夢真HD、SELFと資本業務提携　AI技術に精通したエンジニアの育成・派遣へ"
1,2012/11/25,http://dummy/,"三栄ハイテックス、ＡＩとＩｏＴに本格進出"
1,2012/11/26,http://dummy/,"最先端のオールインワンAIエンジン Qlofune 3.5リリースのお知らせ"
1,2012/11/27,http://dummy/,"NEC、解析した防犯カメラ映像から特定の人物を検索するAIソフトウェア発売"
1,2012/11/28,http://dummy/,"NEC、地磁気とディープラーニングを活用した屋内位置の測定技術を開発"
1,2012/11/29,http://dummy/,"ｉＰＳ細胞、ＡＩで品質管理　京大と理研が共同研究  "
1,2012/11/30,http://dummy/,"行員の照会にＡＩが回答　日本ＭＳと三井住友銀が開発へ  "
1,2012/12/1,http://dummy/,"ヤフー、年間340万件の“ユーザーの声”をIBM Watsonで分析　スピードは人の30倍"
1,2012/12/2,http://dummy/,"オプティム、AIによるリアルタイム画像解析を活用した空席検知サービスを発表"
1,2012/12/3,http://dummy/,"安藤ハザマら/AIで切羽安定度予測/長大山岳トンネルに展開"
1,2012/12/4,http://dummy/,"結婚準備の悩み、ＡＩで即答　ウエディングパーク、研究開発組織設立"
1,2012/12/5,http://dummy/,"自動運転、ＡＩの判断の「根拠」を記録　課題の一つ“事故原因究明”に道"
1,2012/12/6,http://dummy/,"三井化学とNTTコム、ガス製造工場でのIoT×AI活用の取り組みなど説明"
1,2012/12/7,http://dummy/,"ブレインパッド、キユーピーの食品工場における不良品の検知をディープラーニングによる画像解析で支援"
1,2012/12/8,http://dummy/,"デンソーと東芝が自動車向け「AI」技術を共同開発"
1,2012/12/9,http://dummy/,"東京工科大、AI活用で遺伝子同士の相関関係を見つける手法を開発"
1,2012/12/10,http://dummy/,"辞書も学習もなしで自然言語を解析、インターシステムズが新製品"
1,2012/12/11,http://dummy/,"AIを使って採用の優先度を判断 - 三菱総研とマイナビが共同サービス"
1,2012/12/12,http://dummy/,"電力需要、天気で予測　気象協会がＡＩ活用 "
1,2012/12/13,http://dummy/,"S＆I、ビッグデータ分析のWatson ExplorerをSaaS化して月額23万円で提供"
1,2012/12/14,http://dummy/,"IBMとGM、AIベースの車載情報システムで提携"
1,2012/12/15,http://dummy/,"5年後、Watsonはどうなる? - IBM World of Watson 2016が米国で開幕"
1,2012/12/16,http://dummy/,"NVIDIA、テスラの自動運転車にＡＩ基盤提供  "
1,2012/12/17,http://dummy/,"大和総研、金融機関向けにAIを活用したビッグデータ解析支援"
1,2012/12/18,http://dummy/,"アドバンスト・メディア、音声認識入力システムに深層学習技術を実装"
1,2012/12/19,http://dummy/,"キユーピー、AIの活用による画像解析で異物混入/不良品の発見精度を向上へ"
1,2012/12/20,http://dummy/,"「ワトソン」で業務効率化実験　千葉銀など６行、日本ＩＢＭと  "
1,2012/12/21,http://dummy/,"ＮＥＣと米ＧＥ、ＩｏＴで提携　ＡＩソフトなど販売  "
1,2012/12/22,http://dummy/,"IBM WatsonとUdacityがパートナーしてネット上に人工知能の単科学位コースを開設（全26週）"
1,2012/12/23,http://dummy/,"コンカー、AIマーケティング基盤構築に向け「SPEEDA」と実証実験を開始"
1,2012/12/24,http://dummy/,"日立、人工知能を活用してマーケティング施策を立案するサービス"
1,2012/12/25,http://dummy/,"日立、ＩｏＴが人の動き分析　最適な作業方法探る "
1,2012/12/26,http://dummy/,"ジャパンネット銀、中小融資にＡＩ活用　即日審査可能に  "
1,2012/12/27,http://dummy/,"アクセンチュア、NTTコミュニケーションズとの協業発表〜人工知能「COTOHA」の国内展開を推進"
1,2012/12/28,http://dummy/,"ディープラーニングを超える――富士通研究所の「Deep Tensor」は世界に通用するか "
1,2012/12/29,http://dummy/,"NEC、混雑状況と人の流れをAIでリアルタイム予測"
1,2012/12/30,http://dummy/,"クニエ、NTTコムとAIサービスの国内展開で協業"
1,2012/12/31,http://dummy/,"人工知能で判決を下す「裁判官AI」を開発、訴訟時間の短縮化が可能"
1,2013/1/1,http://dummy/,"不法行為、人工知能が分析…藤沢市と慶大が試行"
1,2013/1/2,http://dummy/,"ホワイトハウス「ＡＩの未来に備える」報告書  "
1,2013/1/3,http://dummy/,"コーリジャパン、AI応用の法人向けオンライン英語学習プログラムを本格販売"
1,2013/1/4,http://dummy/,"AI insideマーケティング、AIによる手書き文字の読み取りサービスを提供"
1,2013/1/5,http://dummy/,"AI技術開発のABEJA、小売店など向けのデータ分析クラウドサービスを紹介"
1,2013/1/6,http://dummy/,"アスクル、ＡＩでメーカーの販促支援  "
1,2013/1/7,http://dummy/,"「病理診断にＡＩ活用を」　厚労省有識者懇  "
1,2013/1/8,http://dummy/,"日立ソリューションズが「活文」を展示、AIを活用した紙書類の読み取り機能を紹介"
1,2013/1/9,http://dummy/,"Microsoft、音声認識技術が「人間レベルに到達」と発表"
1,2013/1/10,http://dummy/,"NECとSAS、AI技術やアナリティクスソリューションを連携させた製品を開発"
1,2013/1/11,http://dummy/,"富士通研、機械学習を用いて道路交通の映像を解析する技術を開発"
1,2013/1/12,http://dummy/,"富士通研究所、会話音声から相手が満足か、不満なのかを特定する技術を開発"
1,2013/1/13,http://dummy/,"富士通、機械学習が可能なAIを活用したチャットボットサービスを発表"
1,2013/1/14,http://dummy/,"アップル、米著名ＡＩ研究者をスカウト　締め付け転換か  "
1,2013/1/15,http://dummy/,"ＩＢＭ、業績に底打ち感　ＡＩ伸びる  "
1,2013/1/16,http://dummy/,"みずほ証券、ＡＩで株売買　機関投資家向け "
1,2013/1/17,http://dummy/,"深層学習とIoTで設備管理を効率化、東芝とデルの提案がIICで承認"
1,2013/1/18,http://dummy/,"デンソー、ディープニューラルネットワーク処理を15倍高速化"
1,2013/1/19,http://dummy/,"「満足」「興ざめ」顔読むＡＩ　三菱電機  "
1,2013/1/20,http://dummy/,"ソフトバンクがＩＴ基金　ＩｏＴや人工知能開発対象"
1,2013/1/21,http://dummy/,"三井不動産リアルティ、「三井のリパーク」のコールセンター業務でAI活用へ"
1,2013/1/22,http://dummy/,"IDOMとFRONTEOコミュニケーションズがオンライン型接客サービス「クルマコネクト」にて人工知能による車種レコメンド機能を提供開始"
1,2013/1/23,http://dummy/,"欧銀行が顧客対面業務に人工知能を活用＝米社〔ＢＷ〕"
1,2013/1/24,http://dummy/,"レイ・フロンティアが位置情報とAIで健康促進"
1,2013/1/25,http://dummy/,"ソフトバンク、中国でも「Pepper」を販売"
1,2013/1/26,http://dummy/,"人工知能が工事の工程管理 "
1,2013/1/27,http://dummy/,"「がん個別化医療ＡＩシステム」を開発へ  "
1,2013/1/28,http://dummy/,"Automagiと読売広告社の「酒場で育てる人工知能」の開発プロジェクトに エーアイのAITalk（R）が採用 ?人工知能×カールスバーグが会話の気まずい沈黙を打ち破る！?"
1,2013/1/29,http://dummy/,"ドローンが機械学習で自律飛行、“らせん学習”で進化 "
1,2013/1/30,http://dummy/,"グーグル 日本でＡＩ戦略説明会を初開催"
1,2013/1/31,http://dummy/,"車種を自動判別、最適な屋外広告を表示　AI活用　電通、クラウディアンなど4社が開発"
1,2013/2/1,http://dummy/,"沖縄科技大と富士通研、ＡＩを共同研究"
1,2013/2/2,http://dummy/,"IBM、がん患者の従業員へのセカンドオピニオンにWatsonを活用"
1,2013/2/3,http://dummy/,"日立ソ、電子帳票ソリューションに人工知能技術を適用し運用コストを軽減"
1,2013/2/4,http://dummy/,"PepperとWatsonの効果的な活用とは? - CEATECでソフトバンク中山氏が講演"
1,2013/2/5,http://dummy/,"Huawei、カリフォルニア大学バークレー校とAIの基礎研究で提携"
1,2013/2/6,http://dummy/,"東京学芸大学×リクルート次世代教育研究院　産学共同研究 開始　“人工知能(AI)時代における、子どもたちにとって必要な能力及びこれからの教員養成について“"
1,2013/2/7,http://dummy/,"事件・事故を未然に防ぐ　五感を持つ防犯カメラロボット"
1,2013/2/8,http://dummy/,"三菱電機、ＡＩの機器実装容易に−深層学習設計を自動化"
1,2013/2/9,http://dummy/,"MOVIMASとレックアイ 、機械学習エンジンを利用したIoTプラットフォーム開発で協業を開始"
1,2013/2/10,http://dummy/,"IBM、Watsonを活用したコールセンターオペレータ支援ソリューションを提供"
1,2013/2/11,http://dummy/,"慶応大のベンチャーキャピタル、初の投資案件にＡＩ企業"
1,2013/2/12,http://dummy/,"LINE上でのAIによる自動応答を採用"
1,2013/2/13,http://dummy/,"CGで自動運転AIを検証、走行空間を忠実に再現"
1,2013/2/14,http://dummy/,"がん研、個別化医療にAIを活用"
1,2013/2/15,http://dummy/,"日本ＩＢＭ、「ワトソン」に廉価版  "
1,2013/2/16,http://dummy/,"世界最先端のAI技術を用いた家庭内見守りサービス"
1,2013/2/17,http://dummy/,"睡眠の質、ＡＩで寝室の音から解析　阪大がソフト開発  "
1,2013/2/18,http://dummy/,"茨城県信組、ＡＩ会計処理のフリーと提携  "
1,2013/2/19,http://dummy/,"トヨタ・ＢＭＷ・アリアンツ　米ＡＩベンチャーと提携 "
1,2013/2/20,http://dummy/,"九工大、ロボット作業習得早く　ＡＩ学習、人が補う　安川電機が協力  "
1,2013/2/21,http://dummy/,"ナカバヤシ、人工知能を活用した新聞スクラップ用ペンを発売"
1,2013/2/22,http://dummy/,"アクセンチュア、金融機関向けAIとロボット技術を用いた業務自動化サービス"
1,2013/2/23,http://dummy/,"ＡＩ使ったレコメンドで来客15％増、はるやま商事  "
1,2013/2/24,http://dummy/,"セントケア、介護にＡＩ　最適プランを自動作成  "
1,2013/2/25,http://dummy/,"IoTやAIのセキュリティ、セルテックが仮想化技術を提案"
1,2013/2/26,http://dummy/,"セルテックが感情認識AIで車や家電を賢くする技術を紹介"
1,2013/2/27,http://dummy/,"三菱電機、ＡＩを自動設計　開発期間を大幅圧縮  "
1,2013/2/28,http://dummy/,"Samsung、Siri開発チームのAIアシスタント企業Vivを買収"
1,2013/3/1,http://dummy/,"アクセンチュアが金融機関向けAIなどの専門組織、作業時間40％減の効果も"
1,2013/3/2,http://dummy/,"「AIでデータサイエンティスト要らず」、SalesforceのAI戦略"
1,2013/3/3,http://dummy/,"ＡＩでネット通販の顧客に助言　伊藤忠など、ベンチャーに出資  "
1,2013/3/4,http://dummy/,"がん研究会、がん治療にＡＩ活用　システム開発へ拠点設立"
1,2013/3/5,http://dummy/,"雑談もビュー子にお任せ　資生堂のＡＩ進化"
1,2013/3/6,http://dummy/,"パナソニック、「ＡＩ住宅」を世界展開  "
1,2013/3/7,http://dummy/,"シャープ、ＡＩ技術を外販 "
1,2013/3/8,http://dummy/,"富士通、AI技術を使ったスポーツのフォーム改善や監視システム"
1,2013/3/9,http://dummy/,"AI搭載でバージョンアップしたエンゲージメントツール「Habi*do」提供開始"
1,2013/3/10,http://dummy/,"AIやIoTはこれから「幻滅期」　ガートナーのITトレンド分析"
1,2013/3/11,http://dummy/,"IBM、Watson IoTに注力、2億ドルを投資しグローバル本部をドイツに設置"
1,2013/3/12,http://dummy/,"AmazonのAIアシスタント、Ford車で利用可能に、年末にサービス開始"
1,2013/3/13,http://dummy/,"グーグルは「モバイルファーストからAIファースト」へ、最新スマホ「Pixel」やDaydream製品を発表"
1,2013/3/14,http://dummy/,"東芝、データから役立つ知識を抽出して活用できるクラウドAIサービス"
1,2013/3/15,http://dummy/,"パナソニック、ＡＩやＩｏＴ「脱・自前主義」　ＶＢと連携模索  "
1,2013/3/16,http://dummy/,"米エヌビディア、ファナックと技術提携　「工場ＩｏＴ」参画  "
1,2013/3/17,http://dummy/,"協立電機、ＡＩ実用化へ研究拠点  "
1,2013/3/18,http://dummy/,"人工知能開発のオルツ、NII 国立情報学研究所の山岸順一准教授と、少量の人間の音声サンプルから音声クローンを生成する共同研究を開始"
1,2013/3/19,http://dummy/,"人工知能がホテルの訪日観光客対応問題を解消、チャットコンシェルジュ「Bebot」運営が資金調達"
1,2013/3/20,http://dummy/,"SIPが自動走行システムでシンポ、AI活用も視野に"
1,2013/3/21,http://dummy/,"PFN、エッジ機器向け深層学習ソフト「DIMo」の商用ベータ版提供へ"
1,2013/3/22,http://dummy/,"ベアリング世界２位の独シェフラー、ＩＢＭとＩｏＴで提携"
1,2013/3/23,http://dummy/,"ミューロンの新アプリ「CALNA」は、コンビニ・外食ダイエットを人工知能でサポートする"
1,2013/3/24,http://dummy/,"「Azure」を初のAIスーパーコンピュータの基盤に--MSのナデラCEO"
1,2013/3/25,http://dummy/,"住信SBIネット銀行、ローン審査に人工知能を活用する実証実験を開始"
1,2013/3/26,http://dummy/,"気分に合う旋律、人工知能が作曲  "
1,2013/3/27,http://dummy/,"【CEATEC 16】富士通、リアルタイム渋滞予測技術などを紹介へ---AI技術を活用"
1,2013/3/28,http://dummy/,"“AI秘書”機能を搭載した営業支援システムが登場"
1,2013/3/29,http://dummy/,"富士通、AI技術を活用した都市監視や駐車管理のソリューションを販売"
1,2013/3/30,http://dummy/,"Google、機械翻訳の精度を向上する技術発表"
1,2013/3/31,http://dummy/,"トヨタ、「成長」する会話ロボ　17年に発売  "
1,2013/4/1,http://dummy/,"シャープ、音声認識ロボットで家電一括管理  "
1,2013/4/2,http://dummy/,"がん治療法、ＡＩが選択…シカゴ大・中村教授ら２年以内に実用化目標"
1,2013/4/3,http://dummy/,"女子高生AI「りんな」、女優デビュー　フジテレビ「世にも奇妙な物語」に出演"
1,2013/4/4,http://dummy/,"菱洋エレクトロとGDEPソリューションズ、日立のディープラーニング向け高速サーバを提供"
1,2013/4/5,http://dummy/,"チャットサポート事業のリゲイン、人工知能の研究・開発を行う株式会社オルツと共同で、カスタマーサポートチャットボットシステム「ShowTalk+(ショートーク・プラス)」の開発を開始"
1,2013/4/6,http://dummy/,"眼科の名医のノウハウを人工知能が学習！眼疾患の早期発見を目指す！"
1,2013/4/7,http://dummy/,"ゲノムと病因をＡＩで解析　京大など、個人別の最適治療めざす"
1,2013/4/8,http://dummy/,"富士通、ＡＩサービス人員を3.5倍に "
1,2013/4/9,http://dummy/,"サイト検索でＡＩを活用 伊予銀 "
1,2013/4/10,http://dummy/,"ソフトバンク、対韓投資4500億円　ＩｏＴやＡＩに  "
1,2013/4/11,http://dummy/,"「豊田自動織機-産総研 アドバンスト・ロジスティクス連携研究室」を設立募集"
1,2013/4/12,http://dummy/,"「Google Apps for Work」が「G Suite」に改称　AI機能や「Team Drive」を追加"
1,2013/4/13,http://dummy/,"MicrosoftがAI部門を新設、CortanaやBingをMicrosoft Researchと統合"
1,2013/4/14,http://dummy/,"セールスフォース、Apple Pay対応やAI搭載の「Salesforce Commerce Cloud」"
1,2013/4/15,http://dummy/,"理研・産総研・物材機構、ＡＩを共同研究"
1,2013/4/16,http://dummy/,"Google、Facebook、IBMなど米技術大手がAI研究でタッグ"
1,2013/4/17,http://dummy/,"高知銀、ＡＩ使い顧客に音声対応　本店で実証実験  "
1,2013/4/18,http://dummy/,"「退職確率予測AIエンジン」を人事・労務データ分析プラットフォーム「サブロク」に搭載！"
1,2013/4/19,http://dummy/,"みずほ銀行のコールセンターで人工知能を積極的に使った取り組み　PepperとIBM Watsonの導入事例を動画で公開"
1,2013/4/20,http://dummy/,"富士通研、人の知覚に近いAI技術−数理技術導入し年内実用化"
1,2013/4/21,http://dummy/,"リアルグローブ、人工知能ソリューション実現に向けて業務・資本提携"
1,2013/4/22,http://dummy/,"政府のＡＩ予算924億円　17年度概算要求  "
1,2013/4/23,http://dummy/,"IBM、「Watson」ベースのデータ統合／分析プラットフォーム「Project DataWorks」を発表"
1,2013/4/24,http://dummy/,"AIを実践的に活用できる人物の育成"
1,2013/4/25,http://dummy/,"CyberZ、人工知能開発組織「AITEC」が機械学習技術をスマホ広告向け効果測定ツール「F.O.X」に導入"
1,2013/4/26,http://dummy/,"シルバーエッグが上場　社長、ネット商品推奨「精度高く」  "
1,2013/4/27,http://dummy/,"ソフトバンク、携帯販売店の接客にＡＩ活用  "
1,2013/4/28,http://dummy/,"PepperなどによるAIソリューションを募集--ソフトバンクが初のビジネスオーディション"
1,2013/4/29,http://dummy/,"ハウスコム---３社で産学共同によるAIカンバセーションエンジンの開発をスタート"
1,2013/4/30,http://dummy/,"IBMのDataWorksはApache Sparkによるビッグデータ分析に人工知能Watsonが企業向け利用インタフェイスをまとわせる"
1,2013/5/1,http://dummy/,"AI活用の次世代コミュニケーションチャネルの共創で東急アクセラレートプログラム『二子玉川賞』に選出"
1,2013/5/2,http://dummy/,"ローソンのLINE公式アカウントでMSの女子高生AI「りんな」のテクノロジーを採用"
1,2013/5/3,http://dummy/,"AIを「営業秘密」として保護強化、経産省が検討会を設置"
1,2013/5/4,http://dummy/,"人工知能ソリューションを活用したビジネスプラットフォーム実現のため、株式会社リアルグローブと業務・資本提携"
1,2013/5/5,http://dummy/,"電子秘書が人工知能（AI）を搭載。さらにインテリジェントに営業支援"
1,2013/5/6,http://dummy/,"SpeakBuddy 人工知能ロボット相手に英語スピーキング学習できるアプリ 【@maskin】"
1,2013/5/7,http://dummy/,"白鶴酒造資料館の案内役にPepper - 多言語化で外国人をおもてなし [事例]"
1,2013/5/8,http://dummy/,"資生堂、学習型レコメンデーションエンジン搭載のヘアスタイルBotサービス"
1,2013/5/9,http://dummy/,"アドビとマイクロソフト、データ統合で協力、人工知能などを活用して企業の顧客エンゲージメント変革を支援"
1,2013/5/10,http://dummy/,"夢真ホールディングス、AI関連事業におけるマインドシフトとの資本業務提携"
1,2013/5/11,http://dummy/,"サティア・ナデラが語る、人工知能が変革するMicrosoft"
1,2013/5/12,http://dummy/,"IoTやAIを活用した造船---技術開発を支援、国交省が事業募集中"
1,2013/5/13,http://dummy/,"単純作業はＡＩ・機械学習に任せ週休3日へ＝ヤフー副社長"
1,2013/5/14,http://dummy/,"エアコンに搭載のＡＩ、声の天気予報や温度調節こなす シャープが１０月発売"
1,2013/5/15,http://dummy/,"グーグル「Project Loon」の気球、AI導入で98日間の浮遊に成功"
1,2013/5/16,http://dummy/,"人工知能でユーザーの行動を先回りするiOS向けWebブラウザー『Smooz』登場"
1,2013/5/17,http://dummy/,"日本の大学初！ 法人業務システムを人工知能型へ人工知能（AI）を活用した大学・業務改革ビッグデータの解析・学習によって、基幹業務の標準化・効率化を推進"
1,2013/5/18,http://dummy/,"NTT Com、人工知能によりドライブレコーダーのデータから危険運転を自動検出する技術を開発"
1,2013/5/19,http://dummy/,"シャープ、ＡＩ×ＩｏＴのスマートホーム　シーテックで展示  "
1,2013/5/20,http://dummy/,"米エヌビディア、北京市商湯科技開発有限公司と業務提携、AI技術でスマートシティ共同整備"
1,2013/5/21,http://dummy/,"新生銀行、個人向け無担保ローンの与信判断にAI活用"
1,2013/5/22,http://dummy/,"運転操作上達するＡＩ　完全自動運転実現へ開発着手　パナソニック"
1,2013/5/23,http://dummy/,"世界初の人工知能が作ったポップソング「Daddy’s Car」と「Mr Shadow」がYouTubeで公開中"
1,2013/5/24,http://dummy/,"自閉症患者の就職支援AIアプリを開発する週末起業型＜XタートアップIdentifor"
1,2013/5/25,http://dummy/,"Apple、マシンラーニング技術のインド企業を買収 - 米メディア報道"
1,2013/5/26,http://dummy/,"新薬候補　ＡＩが提案　論文学習、新物質探る 抗がん剤などの開発費を抑制 厚労省後押し "
1,2013/5/27,http://dummy/,"人工知能で癌治療を…ディープマインドとロンドン大学が提携"
1,2013/5/28,http://dummy/,"AI作曲の“ビートルズ風”新曲、Sony CSLが公開"
1,2013/5/29,http://dummy/,"あなたの“ポジティブ度”を人工知能で測定！シボレーのアンビエント施策『Positivity Pump』"
1,2013/5/30,http://dummy/,"「NetEvents」がカリフォルニアで開幕、AIの可能性をアピール "
1,2013/5/31,http://dummy/,"AI搭載のロボットスーツケースで究極の手ぶらが実現!オートで人を追尾、障害物を避ける"
1,2013/6/1,http://dummy/,"ReplyBuyがスポーツとエンターテイメント市場にAIコンシェルジェを提供"
1,2013/6/2,http://dummy/,"「Googleアシスタント」とチャットできるメッセージングアプリ「Allo」、提供開始"
1,2013/6/3,http://dummy/,"Microsoftが人工知能を使ったがん治療への取り組みを開始"
1,2013/6/4,http://dummy/,"トンネル切羽の地質評価、人工知能で自動化"
1,2013/6/5,http://dummy/,"Etsy、AIでサイト内検索を改善するため、Blackbird Technologiesを買収"
1,2013/6/6,http://dummy/,"IBMとMITが「よりスマートなAI」の開発に向けて提携"
1,2013/6/7,http://dummy/,"FRONTEOと日本サード・パーティ、 AI活用のエキスパート育成事業を11月より開始"
1,2013/6/8,http://dummy/,"LPixel、人工知能を活用したライフサイエンス画像解析クラウドサービス「IMACEL」の事前登録サイトを公開"
1,2013/6/9,http://dummy/,"20分後の未来の製品品質を高精度で予測する技術"
1,2013/6/10,http://dummy/,"水田の病気、ドローンで発見　人工知能で自動判別も計画"
1,2013/6/11,http://dummy/,"AIビジネスマッチングアプリ「yenta（イェンタ）」に、Googleカレンダーと連携して数タップで日程調整できる機能が追加"
1,2013/6/12,http://dummy/,"富士通研が深層学習のメモリー効率化技術を開発、使用量を4割超削減"
1,2013/6/13,http://dummy/,"米Salesforceが機械学習プラットフォーム「Einstein」を発表"
1,2013/6/14,http://dummy/,"鹿島建設、次期会計システムに“人工知能型”ERPを採用--会計業務の生産性向上を目指す"
1,2013/6/15,http://dummy/,"手書き文字を読み取るAIで教員の事務作業を大幅削減"
1,2013/6/16,http://dummy/,"エキサイト、AI搭載のレコメンド・エンジンを外部向けに提供開始"
1,2013/6/17,http://dummy/,"IBM Watsonで法務案件を効率的に解決 - 弁護士ドットコム"
1,2013/6/18,http://dummy/,"グーグルの人工知能、今度は「旅のプラン」を作成"
1,2013/6/19,http://dummy/,"ソフトバンクグループ、AI技術を活用し無人タクシーを疑似体験できる「cocoro Drive」を自動走行の社会受容性実証実験で提供"
1,2013/6/20,http://dummy/,"独自のAI/ディープラーニング技術を用いた新たなセキュリティーサービスの提供を開始"
1,2013/6/21,http://dummy/,"オラクル、クラウドでアマゾン対抗サービス"
1,2013/6/22,http://dummy/,"セールスフォース、マーケティングにＡＩ活用  "
1,2013/6/23,http://dummy/,"理化学研究所　ＡＩ中核拠点の研究体制決まる"
1,2013/6/24,http://dummy/,"がん細胞、ＡＩで画像判定 "
1,2013/6/25,http://dummy/,"カシオが飲食経営助言　ＡＩ分析、３年以内に導入  "
1,2013/6/26,http://dummy/,"人工知能ワトソン、がん診断支援　８割で有用な情報提供"
1,2013/6/27,http://dummy/,"日本技術に積極投資　ＡＩやロボット、５年で２００億円"
1,2013/6/28,http://dummy/,"高知、ＡＩ産業集積目指す　ベンチャー３社提携、県も支援  "
1,2013/6/29,http://dummy/,"島津製、がん早期診断機器に力　19年度に売上高８割増目指す"
1,2013/6/30,http://dummy/,"シルバーエッグ・テクノロジー 独自ＡＩで商品推奨 "
1,2013/7/1,http://dummy/,"Amazon.com、音声アシスタント「Echo Dot」の新モデルを発表"
1,2013/7/2,http://dummy/,"U-NEXTとアドバンスト・メディア、AI活用したコンタクトセンターサービス"
1,2013/7/3,http://dummy/,"みずほとソフトバンクが新融資事業　午後４時半から会見"
1,2013/7/4,http://dummy/,"人工知能によるユーザ嗜好プロファイリングで、記事管理を自動化できるアプリ「StockMark」がパフォーマンスを向上して登場"
1,2013/7/5,http://dummy/,"成城石井、人工知能型ERP「HUE?」ACシリーズを採用〜人工知能活用で業務生産性を高め、付加価値の高い働き方へ〜"
1,2013/7/6,http://dummy/,"国内初！人工知能（AI）を利用したCDNサービスを発表｜レッドボックス"
1,2013/7/7,http://dummy/,"ビッグデータとAIで個人への融資を評価、みずほ銀とソフトバンクが新会社を設立"
1,2013/7/8,http://dummy/,"トヨタの人工知能研究会社「Toyota Research Institute」が米オープンソース基金に100万ドルを助成"
1,2013/7/9,http://dummy/,"気鋭の起業家、「人工知能でがん医療を変革」  "
1,2013/7/10,http://dummy/,"ＡＩ、込める「日本らしさ」 "
1,2013/7/11,http://dummy/,"NHNテコラスとNTTドコモ、Eコマース分野で協業開始〜人工知能用いたWeb接客機能の提供を開始"
1,2013/7/12,http://dummy/,"データセクション、ベトナム国内においてAI（人工知能）活用サービスを提供開始"
1,2013/7/13,http://dummy/,"貧富の差が一目瞭然!人工知能でアフリカの貧困状況を正確に予測するマップを米スタンフォード大が開発"
1,2013/7/14,http://dummy/,"戦略分野の規制見直しで工程表作り開始　経産省  "
1,2013/7/15,http://dummy/,"富士フイルムなど、社員を健康に ＩＴ指南 "
1,2013/7/16,http://dummy/,"ＮＴＴグループ、ＡＩは恋愛で育てる  "
1,2013/7/17,http://dummy/,"ＣＭの効果、ＡＩで分析　サイバー系の技術  "
1,2013/7/18,http://dummy/,"案内・接客ＡＩ、活用　ＩＢＭ、ハウステンボスに機器"
1,2013/7/19,http://dummy/,"スマホで育児支援する人工知能 実用化へ"
1,2013/7/20,http://dummy/,"NVIDIA、手のひらサイズの自動運転車向け人工知能エンジン新型「DRIVE PX2」"
1,2013/7/21,http://dummy/,"米IBM、AIやDeep Learningなどを高速化するLinuxサーバーの最新ラインアップを発表"
1,2013/7/22,http://dummy/,"GoogleのAI部門、人間に近い合成音声「WaveNet」を開発"
1,2013/7/23,http://dummy/,"コイニー、AIを活用したトランザクションレンディング向けエンジンを提供"
1,2013/7/24,http://dummy/,"アイリック、日本初となるAIを活用した「生命保険証券自動分析アプリ」開発に着手！"
1,2013/7/25,http://dummy/,"雑音の中でも…ＡＩが複数の人の会話聞き分けて書き起こし　リアルタイムで議事録作成ＯＫ　ＮＴＴが開発"
1,2013/7/26,http://dummy/,"アマゾン、タブレットにＡＩ応答機能　音楽再生など "
1,2013/7/27,http://dummy/,"家電まるごとＡＩで節電 "
1,2013/7/28,http://dummy/,"HPE、ディープラーニングに特化したサーバ「HPE Apollo 6500」を発売"
1,2013/7/29,http://dummy/,"パナ、ディープラーニングと独自文字解析で手書き認識向上した新OCR"
1,2013/7/30,http://dummy/,"パナソニックなど16社、新素材を共同開発　期間20分の１に "
1,2013/7/31,http://dummy/,"県　建設現場 ＡＩ活用支援 ＩｏＴでも実証実験"
1,2013/8/1,http://dummy/,"朝日広告社、テレビメタデータと人工知能を活用した キャンペーンマネジメントの実証プロジェクトを実施"
1,2013/8/2,http://dummy/,"IBMがNvidiaの最先端GPUとインターコネクト規格を使った高速高性能サーバー機を披露"
1,2013/8/3,http://dummy/,"三井住友アセット、ＡＩ投信900億円規模 "
1,2013/8/4,http://dummy/,"メタップスとニチガス、ICTやAI利用の共同取り組みで提携"
1,2013/8/5,http://dummy/,"グーグル、ＡＩがファッションデザイン"
1,2013/8/6,http://dummy/,"リコー、ＡＩ使い「賢い黒板」 議論分析、会議を効率化 "
1,2013/8/7,http://dummy/,"楽天、レビューページ改善に成果、ＡＩ関連の取り組み公表"
1,2013/8/8,http://dummy/,"人工知能で往年の演奏が蘇る！ヤマハが人間と機械の共演に挑戦"
1,2013/8/9,http://dummy/,"羽生九段は山崎叡王と対戦！優勝者は来年優勝ソフトと対局"
1,2013/8/10,http://dummy/,"富士通、スーパーコンピューター「京」を自動運転用AIの開発に生かす"
1,2013/8/11,http://dummy/,"NTTとメディアアート研究機関アルスエレクトロニカ・フューチャーラボ、人工知能・IoTなどを活用した新しい感動体験の創造をめざす"
1,2013/8/12,http://dummy/,"インテル、米半導体ＶＢ買収　ＡＩ関連向け"
1,2013/8/13,http://dummy/,"川崎市、住民の問い合わせに人工知能が回答　三菱総研と実験  "
1,2013/8/14,http://dummy/,"ＡＩ活用の「第４次産業革命」へ、政権が戦略づくり会議"
1,2013/8/15,http://dummy/,"溶接ロボ用電源、ＡＩで電流制御 安川電機、設定手軽に "
1,2013/8/16,http://dummy/,"タブレットを使ってゲームをプレイしてもらい、その結果から発達障害を診断する人工知能"
1,2013/8/17,http://dummy/,"第一生命と日立 ＡＩで新たな保険商品の開発へ"
1,2013/8/18,http://dummy/,"Amazon.com、AIの専門家をライバルのeBayから引き抜き"
1,2013/8/19,http://dummy/,"NTTレゾナント、「教えて!goo」でAIによる恋愛相談"
1,2013/8/20,http://dummy/,"アクティブコア、AIで顧客の行動に合わせたメール配信が可能な新機能"
1,2013/8/21,http://dummy/,"生産性２倍　ブリヂストン、ＡＩでタイヤ成型自動化"
1,2013/8/22,http://dummy/,"日産、自動車のデザインにAI活用を検討"
1,2013/8/23,http://dummy/,"日本MSとリクルートキャリア、「HRテック」の開発で協業"
1,2013/8/24,http://dummy/,"ソフトバンク、Pepper遠隔操作による介護支援へ"
1,2013/8/25,http://dummy/,"【日本初】ＡＩ技術を活用　「生命保険証券自動分析アプリ」開発に着手"
1,2013/8/26,http://dummy/,"雨量予報で土砂崩れ予測 阪大、ＡＩで数時間前に判断 "
1,2013/8/27,http://dummy/,"人工知能のビジネス活用を支援するサービスを開始"
1,2013/8/28,http://dummy/,"AI英会話アプリ「SpeakBuddy」が クラウドファンディングの支援額で300万円を突破"
1,2013/8/29,http://dummy/,"【厚労省】新薬創出で人工知能活用−創薬ターゲットの枯渇解消"
1,2013/8/30,http://dummy/,"GoogleやfacebookなどIT大手5社がＡＩの倫理基準を作成か"
1,2013/8/31,http://dummy/,"高齢者支援 ＡＩ助っ人（関西は今）  "
1,2013/9/1,http://dummy/,"大型プロジェクトの管理はこれで大丈夫？三菱重工が頼るのはAI「ワトソン」"
1,2013/9/2,http://dummy/,"電気通信大学 人工知能分野でオープンストリームと共同研究開始"
1,2013/9/3,http://dummy/,"IBMの人口知能「ワトソン」、韓国で患者診療へ"
1,2013/9/4,http://dummy/,"NECと東大がAI研究で協定、脳を模した専用のアナログ回路を開発"
1,2013/9/5,http://dummy/,"Amazonの音声アシスタント「Alexa」、Lenovoのパソコンに搭載か？"
1,2013/9/6,http://dummy/,"百度とNVIDIA、自動運転車用AIプラットフォーム開発で提携"
1,2013/9/7,http://dummy/,"NEC、顧客のプロフィールを自動推定するAI「顧客プロフィール推定技術」開発"
1,2013/9/8,http://dummy/,"カード不正使用　ＡＩがチェック 三井住友、グーグル技術活用"
1,2013/9/9,http://dummy/,"中国、ＡＩ百花繚乱 "
1,2013/9/10,http://dummy/,"フロムスクラッチ、人工知能研究機関「TechJIN」を福岡に設立"
1,2013/9/11,http://dummy/,"中国バイドゥ　グーグルに対抗し人工知能技術をオープンソース化"
1,2013/9/12,http://dummy/,"IBMの人工知能「ワトソン」が映画のトレーラー製作に挑戦、従来30日間のプロセスを24時間に短縮"
1,2013/9/13,http://dummy/,"ＡＩで会話 道案内ロボットの実験 羽田空港で始まる"
1,2013/9/14,http://dummy/,"ブレインパッド、ドローンで空撮した画像の処理にディープラーニングを適用、エアロセンスに提供"
1,2013/9/15,http://dummy/,"「生体センシング×人工知能」で健康リスク予測  "
1,2013/9/16,http://dummy/,"MFクラウド会計・確定申告、機械学習を活用した新「勘定科目提案機能」"
1,2013/9/17,http://dummy/,"ガン治療にGoogleの人工知能「DeepMind」を使用する病院が登場"
1,2013/9/18,http://dummy/,"人工知能(AI)によるオフィス価値査定サービス『 AI-Checker 』始動！"
1,2013/9/19,http://dummy/,"乳がん発見を助ける人工知能　人間の30倍の速度でデータを解析"
1,2013/9/20,http://dummy/,"世界初！人工知能を活用した宿泊施設向け英語チャットコンシェルジュ「Bebot」の1ヶ月無料キャンペーンの受付を開始"
1,2013/9/21,http://dummy/,"ウェルネス・ヘルスケア領域に特化した人工知能研究所設立へ"
1,2013/9/22,http://dummy/,"経産省、航空機のＡＩ運航支援システム開発へ?ＭＲＪ搭載想定か"
1,2013/9/23,http://dummy/,"英語学習AIロボットMusio（ミュージオ）を開発しているAKA、プレシリーズBラウンド投資で総額約5億円の資金調達を実施"
1,2013/9/24,http://dummy/,"熟練技 ＡＩで再現 農水省、若年層の就農促す"
1,2013/9/25,http://dummy/,"ラクマ、AI技術によるカテゴリー推奨機能「もしコレ！」を提供開始"
1,2013/9/26,http://dummy/,"サイオス、「OSSを利用した機械学習入門」など人工知能支援サービス"
1,2013/9/27,http://dummy/,"IBM BlueHub、第3期5社を発表 - ""IBM Watson""でスタートアップ企業を支援"
1,2013/9/28,http://dummy/,"商船三井、ビッグデータで海運市況予測  "
1,2013/9/29,http://dummy/,"横浜銀、ＡＩ使いカードローン販促実験"
1,2013/9/30,http://dummy/,"メールの質を改善、返信率アップを支援するAIアシスタント「Boomerang Respondable」"
1,2013/10/1,http://dummy/,"みずほ銀、ＡＩ活用検討 口座開設などの質問応対"
1,2013/10/2,http://dummy/,"マージェリック、ネット通販をＡＩで支援 購買動向を分析"
1,2013/10/3,http://dummy/,"筆跡で適性が分かる！ エントリーシートをAIで解析"
1,2013/10/4,http://dummy/,"企業内にAI「検索」、丸紅情報システムズが検索エンジンソリューションを展開"
1,2013/10/5,http://dummy/,"「さくらのIoT Platform」とAIデータ解析サービス「ABEJA Platform」が連携"
1,2013/10/6,http://dummy/,"富士ソフトと日本食研、ＡＩで食品売れ行き分析"
1,2013/10/7,http://dummy/,"Facebookの人工知能研究機関、画像解析処理技術のソースコードをGithubで公開"
1,2013/10/8,http://dummy/,"グーグル、見出しを自動生成するアルゴリズムを開発"
1,2013/10/9,http://dummy/,"オープンストリームと電気通信大学、人工知能分野で共同研究開始"
1,2013/10/10,http://dummy/,"オムロンが運転者状態検知　深層学習で「復帰時間」判定  "
1,2013/10/11,http://dummy/,"中国人工知能大会が北京で開幕"
1,2013/10/12,http://dummy/,"デンソー、自動運転実現へＡＩ研究に力　歩行者分析磨く "
1,2013/10/13,http://dummy/,"バイク、乗り手と「会話」 川重、ＡＩを搭載"
1,2013/10/14,http://dummy/,"JPEGを超える画像圧縮を人工知能で実現、Googleが手法を開発"
1,2013/10/15,http://dummy/,"メタップス、お金の流れを予測するAIの研究開発を開始"
1,2013/10/16,http://dummy/,"Appleが初めて明かすディープラーニングによる人工知能開発秘話"
1,2013/10/17,http://dummy/,"日本で「ＡＩ人事部長」登場"
1,2013/10/18,http://dummy/,"トラクティカ社は人工知能の世界での収益は2025年に368億ドルに達すると予測"
1,2013/10/19,http://dummy/,"富士通研と九州大、糸島市でAIを用いた移住マッチングの実証実験"
1,2013/10/20,http://dummy/,"アップル、人工知能で法人向けサービス強化"
1,2013/10/21,http://dummy/,"ピーチ、ＡＩでの運航情報案内実験"
1,2013/10/22,http://dummy/,"経産省1.2兆円要求 来年度予算、10％増 "
1,2013/10/23,http://dummy/,"建設現場の省人化急ぐ　大成が溶接ロボ、清水建設はＡＩ  "
1,2013/10/24,http://dummy/,"人工知能:入社試験の選考でも導入"
1,2013/10/25,http://dummy/,"リノベーション×AI(人工知能)アプリ「Renosy」を開発するGA technologies社と戦略的資本提携"
1,2013/10/26,http://dummy/,"LPixel、生体組織の立体構造情報と人工知能を活用する病理診断支援システム開発"
1,2013/10/27,http://dummy/,"あさがくナビ「就活ロボ」発進、AI使って就活支援"
1,2013/10/28,http://dummy/,"機械学習のビジネス活用を数カ月で支援、ブレインパッドが新サービス"
1,2013/10/29,http://dummy/,"機械学習を使ったマルウエア対策の米サイランスが日本法人「Cylance Japan」を設立"
1,2013/10/30,http://dummy/,"ALBERT、人工知能・ディープラーニングのコンサルティング及び導入支援"
1,2013/10/31,http://dummy/,"人工知能が書いた小説「賢人降臨」、出版　福沢諭吉と新渡戸稲造の著作をディープラーニング"
1,2013/11/1,http://dummy/,"中国製ロボ掃除機　ルンバと比肩、知名度に難  "
1,2013/11/2,http://dummy/,"漫画で会話学ぶＡＩ　ＴＩＳら手法を研究へ"
1,2013/11/3,http://dummy/,"Automagi、読売広告社と「酒場で育てる人工知能」の開発プロジェクトを開始"
1,2013/11/4,http://dummy/,"米小売り、接客にＡＩ活用　メーシーズなどＩＢＭと組む  "
1,2013/11/5,http://dummy/,"人工知能技術をとり入れ、新たなクリエイティブ表現を創造する「Creative AI 研究所」を新設"
1,2013/11/6,http://dummy/,"米Microsoft、AI搭載スケジューリングサービス提供のGeneeを買収"
1,2013/11/7,http://dummy/,"KDLや白馬村など、人工知能を利用した「観光客の動線分析」の実証実験"
1,2013/11/8,http://dummy/,"ＪＲ東、ＡＩで客の声分析 "
1,2013/11/9,http://dummy/,"オウケイウェイヴ、医療サイト開設へ　ＡＩ活用した簡易診断"
1,2013/11/10,http://dummy/,"オンライン英会話のレアジョブ、受講者に合った講師をNECのAIで見出す実証実験を開始"
1,2013/11/11,http://dummy/,"Twitterでの口コミ拡散を検知する人工知能「AIアナリスト」"
1,2013/11/12,http://dummy/,"ドコモの“人工知能”「自然対話プラットフォーム」に英語版"
1,2013/11/13,http://dummy/,"「R」から「IBM Watson」の利用を容易にする「CognizeR」"
1,2013/11/14,http://dummy/,"イードとレイ・フロンティア、AI技術を活用した自動車ビックデータ解析サービスを共同開発"
1,2013/11/15,http://dummy/,"中国の人工知能、リオ五輪でバスケットボールの試合を生解説―中国紙"
1,2013/11/16,http://dummy/,"人工知能開発のジェニオ、クライアント企業と人工知能開発者のマッチングサービスTeam AIを開始　株式会社ジェニオ"
1,2013/11/17,http://dummy/,"糖尿病改善と予防へ、ＡＩで助言…運動量や食事"
1,2013/11/18,http://dummy/,"九大発ＶＢ、ＡＩの米研究者雇用"
1,2013/11/19,http://dummy/,"官民連合でＡＩ開発　トヨタ・理研や15大学  "
1,2013/11/20,http://dummy/,"Facebookの人工知能研究所がオープンソースで公開したfastTextは深層学習の遅さを克服したテキスト分類ソフトウェア"
1,2013/11/21,http://dummy/,"中国、次世代巡航ミサイルに人工知能の採用を検討"
1,2013/11/22,http://dummy/,"東京駅近くに国内最大級ＡＩ研究拠点…文科省"
1,2013/11/23,http://dummy/,"「社会安全に貢献できるAI製品」の創出を支援、「人工知能開発基金」が発足"
1,2013/11/24,http://dummy/,"リブセンス、ＡＩ使い不動産会社を紹介"
1,2013/11/25,http://dummy/,"川崎重工が１０月にシリコンバレーにＩｏＴ　ＡＩ拠点、重工大手で初"
1,2013/11/26,http://dummy/,"Intel、ディープラーニング向けプロセッサ「Knights Mill」（コードネーム）を2017年に提供開始"
1,2013/11/27,http://dummy/,"メタップス、ディープラーニングを用いて小説を書く人工知能(AI)エンジンを開発〜NASAと協業し宇宙小説アプリをリリース！"
1,2013/11/28,http://dummy/,"フィンク、ＡＩ特化の研究所設立  "
1,2013/11/29,http://dummy/,"有名人の人間関係が丸分かり!?　AI搭載の人物検索「あのひと検索SPYSEE2」公開"
1,2013/11/30,http://dummy/,"みずほ銀行、Amazon Echo/Facebook botを活用したサービスの実証実験"
1,2013/12/1,http://dummy/,"「キンセイ」のアプリをバージョンアップ、人工知能システム等による電池消費量低減の仕組みを追加"
1,2013/12/2,http://dummy/,"ＡＩで住宅ローン審査短縮　ソニー銀検討　顧客データ解析"
1,2013/12/3,http://dummy/,"みずほ銀行のコールセンターに導入した「ワトソン」の正答率は？"
1,2013/12/4,http://dummy/,"米、自動運転で規制議論 "
1,2013/12/5,http://dummy/,"みずほ銀行、ＡＩが顧客とやり取り…チャットで"
1,2013/12/6,http://dummy/,"米エヌビディア、売上高・純利益とも四半期で最高　５〜７月  "
1,2013/12/7,http://dummy/,"電話応答にＡＩ　日本オラクル、米社と  "
1,2013/12/8,http://dummy/,"データセクション、会計処理効率化を支援 ＡＩを活用"
1,2013/12/9,http://dummy/,"トヨタ、ミシガン大とＡＩ研究 ４年で22億円投資 "
1,2013/12/10,http://dummy/,"富士フイルム、ＡＩ使いＸ線画像処理 診断しやすく "
1,2013/12/11,http://dummy/,"ＩｏＴやＡＩに注目　大商、次期ビジョン議論本格化"
1,2013/12/12,http://dummy/,"韓国政府　人工知能を国家戦略プロジェクトに"
1,2013/12/13,http://dummy/,"デジタル戦略職を設置 三菱ケミカル、ＩｏＴやＡＩなど"
1,2013/12/14,http://dummy/,"ワシントン・ポストの五輪リポーター、実は人工知能だった！"
1,2013/12/15,http://dummy/,"IntelがディープラーニングのNervanaを買収へ、AIソリューションを強化"
1,2013/12/16,http://dummy/,"子育て支援などの質問に人工知能が回答 政府が16年度中に実証実験"
1,2013/12/17,http://dummy/,"米Google発のAIオープンソース「TensorFlow」を使った データ分析支援を8月に提供開始　 日本語サイトも開設・国内でのサポートサービスを提供"
1,2013/12/18,http://dummy/,"ヤフー、Yahoo!知恵袋とIBM Watsonによる恋愛の脈あり相談を開始"
1,2013/12/19,http://dummy/,"日立、東大と「ラボ」　ＡＩやビッグデータ、産学連携 有力大との協働を加速 "
1,2013/12/20,http://dummy/,"乗客の要望受け、人工知能が効率的配車　実用化へ未来大・松原教授がベンチャー設立"
1,2013/12/21,http://dummy/,"産総研、東大に拠点?ＡＩで産学官連携を加速、モノづくりと融合 "
1,2013/12/22,http://dummy/,"リクルートが機械学習で中古車の内装色を自動解析、ネイルカラー判定技術を応用"
1,2013/12/23,http://dummy/,"富士通研究所、Deep Learning学習処理を高速化するソフトウェア技術開発"
1,2013/12/24,http://dummy/,"祝・体操男子団体が金メダル！東京も続け、富士通が競技の採点を支援"
1,2013/12/25,http://dummy/,"ネイバー　人工知能使用の通訳アプリをリリース＝日本語も"
1,2013/12/26,http://dummy/,"人工知能の技術を経営に活用　企業経営のためのプランニングサービス　SONOSAKI PLANNING(TM)『AIM1.0』を8月10日提供開始"
1,2013/12/27,http://dummy/,"東京海上、ＡＩで顧客対応分析 "
1,2013/12/28,http://dummy/,"ＡＩと８Ｋで診断を支援へ…がんなど見逃し防止"
1,2013/12/29,http://dummy/,"東京理科大、知能住宅実現へ産学官連携　プロジェクト開始"
1,2013/12/30,http://dummy/,"公式サイトのFAQへのAI導入から1年、常陽銀行が得た効果とは?"
1,2013/12/31,http://dummy/,"Googleの人工知能による文字認識エンジンを採用、Android/iOS向けOCRアプリ「文字スキャン」"
1,2014/1/1,http://dummy/,"楽天トラベル、予約から「マッチング」へ、人工知能活用も"
1,2014/1/2,http://dummy/,"ヤフー、ＡＩ技術で投資信託を商品開発　資産運用事業にも参入"
1,2014/1/3,http://dummy/,"妖怪のようなＡＩ作りたい"
1,2014/1/4,http://dummy/,"アップル、ＡＩ関連ベンチャー買収　２億ドルで  "
1,2014/1/5,http://dummy/,"「ウシ」向けのウエアラブルデバイス登場―人工知能技術を活用 "
1,2014/1/6,http://dummy/,"TDSEとFISCOによるFinTech分野での業務提携　クラウド型人工知能金融市況サービス研究開発"
1,2014/1/7,http://dummy/,"精神疾患リスクをＡＩで測定"
1,2014/1/8,http://dummy/,"ＡＩで職人技再現　経産省、日常生活へのロボット導入を後押し　補助対象８３件きょう発表"
1,2014/1/9,http://dummy/,"深層学習でチャットの自動応答技術を開発する韓国スタートアップFluenty、グローバル・ブレインらから約4,500万円を調達"
1,2014/1/10,http://dummy/,"マーケティングオートメーションのアクティブコアが機械学習導入、第一弾はDM配信の最適化"
1,2014/1/11,http://dummy/,"外貨買い時、ＡＩ判断 じぶん銀、米ＶＢと　スマホに通知"
1,2014/1/12,http://dummy/,"人工知能と機械学習の各市場調査レポートが発刊"
1,2014/1/13,http://dummy/,"ソニーミュージック、キャラクターを再現する人工知能サービス「PROJECT Samantha」開始"
1,2014/1/14,http://dummy/,"サイオス、機械学習IT運用分析ソフト最新版 - 性能問題発生予測機能を追加"
1,2014/1/15,http://dummy/,"ＡＩ、がん治療法助言 白血病のタイプ見抜く "
1,2014/1/16,http://dummy/,"米アイロボット、スマホ操作の床拭きロボ発売へ  "
1,2014/1/17,http://dummy/,"ホワイトハウスが人工知能に関する情報を一般募集、そしてIBMの提出物は優秀なAI入門書だ"
1,2014/1/18,http://dummy/,"韓国・釜山市が交通情報の収集・提供に人工知能を導入"
1,2014/1/19,http://dummy/,"日本初となる新電力基幹技術を研究開発するオプティマイザーの提案が、NEDO「新エネルギーベンチャー技術革新事業」公募にて採択"
1,2014/1/20,http://dummy/,"写真をゴッホなど著名な画家の作風へと変換できる「deepart.io」"
1,2014/1/21,http://dummy/,"O2とFRONTEO、製造業の技能継承で協業　O2の技能伝承ソリューション「ORINAS（オリナス）」にFRONTEOの人工知能 「KIBIT」を連携"
1,2014/1/22,http://dummy/,"産総研発ＶＢが戦略ＰＲ　大手企業と交流イベント  "
1,2014/1/23,http://dummy/,"人工知能とのチャットを通して、多くの種類から嗜好にあった商品を注文できる「O:der Cognis」"
1,2014/1/24,http://dummy/,"対話型コミュニケーションロボット「タピア」に心を理解する人工知能を搭載-スマートメディカル社の音声感情解析技術Empathを導入-"
1,2014/1/25,http://dummy/,"【リオ五輪】AI（人工知能）が出場選手のツイートを“生報道”"
1,2014/1/26,http://dummy/,"野村総研「NRIデジタル」設立、AIやIoT関連技術に特化"
1,2014/1/27,http://dummy/,"労働政策、新たに構築＝３５年、ＡＩが働き方変える−厚労省有識者懇"
1,2014/1/28,http://dummy/,"東芝、ＡＩ関連２部門を新設"
1,2014/1/29,http://dummy/,"アマゾン、有料会員増で地盤固め "
1,2014/1/30,http://dummy/,"クラスキャットなど、深層学習用アプライアンスやコンサルを提供"
1,2014/1/31,http://dummy/,"AIは人を単純作業から解放し、創造性を引き出す存在に"
1,2014/2/1,http://dummy/,"保存する文書を機械学習で自動分類「crossnote ML」がリリース"
1,2014/2/2,http://dummy/,"盛岡で「人工知能」の国際会議"
1,2014/2/3,http://dummy/,"日本初の『会話型ダイエットサポートアプリ』「無料先行モニター」の受付を8月2日に開始"
1,2014/2/4,http://dummy/,"メットライフ生命・ハビタスケア・東京大学、人工知能などを活用した生活改善アドバイス等を行う疾病予防プログラムの共同開発で提携"
1,2014/2/5,http://dummy/,"人間対AI：日本の囲碁ソフト「Zen」も人間に勝利"
1,2014/2/6,http://dummy/,"経産省、産学官のＡＩ研究拠点  "
1,2014/2/7,http://dummy/,"技能者ノウハウ、ＡＩで継承支援　ＦＲＯＮＴＥＯなど "
1,2014/2/8,http://dummy/,"ウイルス９割検知、ＡＩ活用　ＮＴＴコムが漏洩対策  "
1,2014/2/9,http://dummy/,"人工知能のABEJA、IoTのウフルと業務提携"
1,2014/2/10,http://dummy/,"情報通信白書を発表--IoTやAI推進人材の育成が課題"
1,2014/2/11,http://dummy/,"「WideAngle」の マネージドセキュリティサービス運用基盤に 搭載した人工知能を拡充し、 サイバー攻撃分析ロジックを大幅強化"
1,2014/2/12,http://dummy/,"凸版とソフトバンク、IBM Watsonを活用したコンタクトセンター向けBPO開発"
1,2014/2/13,http://dummy/,"どんな「ヘイトスピーチ」も見逃さない人工知能、ヤフーが開発"
1,2014/2/14,http://dummy/,"人工知能やＩｏＴの先進事業を選定 重点的に支援へ"
1,2014/2/15,http://dummy/,"TISなど3者、AIと人の対話シナリオに関する研究-高齢者向けサービスに応用"
1,2014/2/16,http://dummy/,"イーロン・マスクの「家事ロボット」、AIが洗濯物のたたみ方を学習中"
1,2014/2/17,http://dummy/,"中部電、業務にＡＩ検討 電力需給調整で導入探る "
1,2014/2/18,http://dummy/,"“生命らしい動き”を持つ機械人間「オルタ」、石黒教授らが発表　実物を見てきた"
1,2014/2/19,http://dummy/,"お薦め動画をＡＩで音声案内　古いテレビにも対応  "
1,2014/2/20,http://dummy/,"IDCフロンティア、米エヌビディアのGPUによる処理環境をクラウド提供"
1,2014/2/21,http://dummy/,"AIコンシュルジュがWeb上で迎えてくれる「Corproid」 - 三井住友銀行公式Webで開始"
1,2014/2/22,http://dummy/,"脳科学・ＡＩ けいはんなでコラボ　うつ・自閉症 治療に新風（ひと最前線）  "
1,2014/2/23,http://dummy/,"マイクロソフト、iPhone向けカメラアプリ「Pix」をリリース--AIで自動補正"
1,2014/2/24,http://dummy/,"自治医大の人工知能診療支援システム「ホワイト・ジャック」"
1,2014/2/25,http://dummy/,"日本IBMがWatson IoT事業の戦略を説明、パートナーエコシステム設立も"
1,2014/2/26,http://dummy/,"人工知能（AI）で小説のオンライン出版を支援する"
1,2014/2/27,http://dummy/,"ｉＰＳ医療にＡＩ活用　山中教授、安全性を評価"
1,2014/2/28,http://dummy/,"サイバーエージェントがStudio Ousiaと提携、AIでコンテンツ推薦技術を改良"
1,2014/3/1,http://dummy/,"AIニュース解析ベンチャーのJX通信社、QUICKと共同通信から数億円調達"
1,2014/3/2,http://dummy/,"Microsoft、「Office 365」に新機能、文書校正に機械学習などを活用"
1,2014/3/3,http://dummy/,"ヤフー、AIやビッグデータ、セキュリティ分野への出資に注力"
1,2014/3/4,http://dummy/,"あなたを熟知したWatsonが助手席に"
1,2014/3/5,http://dummy/,"人の感情を理解する人工知能を搭載「SELF」、大幅アップデート "
1,2014/3/6,http://dummy/,"日立の人工知能、カブドットコム証券の業務で有効性  "
1,2014/3/7,http://dummy/,"ＡＩベンチャー　革新機構が出資　第三者割当で５億円"
1,2014/3/8,http://dummy/,"フジ、ＡＩで画像解析のＶＢに出資　サービス共同開発"
1,2014/3/9,http://dummy/,"グーグルの人工知能、今度はコミックをスマホで読みやすくする"
1,2014/3/10,http://dummy/,"アドインテと九州大学、人工知能で混雑状況を予測するシステム「K-now」を開発"
1,2014/3/11,http://dummy/,"ＦＲＯＮＴＥＯが転倒・転落を予測する人工知能関連技術で国内特許を取得"
1,2014/3/12,http://dummy/,"板橋テクノバレーが韓国政府＆企業の人工知能開発の拠点に"
1,2014/3/13,http://dummy/,"スマホと人工知能で服薬継続 ? 株式会社情報医療が京都大学と共同研究を開始"
1,2014/3/14,http://dummy/,"Pepperが図書館業務の効率化を実現！"
1,2014/3/15,http://dummy/,"NTTなど、AI技術「corevo」の共通基盤でデバイス連携サービスの実証実験"
1,2014/3/16,http://dummy/,"人工知能キュレーションの『AINOW』、2016年上半期のキーワードランキングを発表"
1,2014/3/17,http://dummy/,"ファッションアプリ「アイコン」が人工知能の導入を本格化　第1フェーズの機械学習活用で閲覧数が4倍に"
1,2014/3/18,http://dummy/,"MOTEX、標的型攻撃を検知・駆除・追跡する「プロテクトキャットPowered by Cylance」"
1,2014/3/19,http://dummy/,"バイドゥ、写真解析結果から作曲するAIを披露"
1,2014/3/20,http://dummy/,"AIで花の名前や生態を教えてくれるアプリ「Blippar」はiOSとAndroidに対応!"
1,2014/3/21,http://dummy/,"アルファ碁が囲碁ランキングで世界一に、中国の柯潔氏は2位に順位落とす―中国メディア"
1,2014/3/22,http://dummy/,"弁護士ドットコム、IBM Watson利用の「コグニティブ法務案件FAQ」を開発"
1,2014/3/23,http://dummy/,"大和証券など、ＡＩ・ＶＲ支援ファンド　100〜200億円"
1,2014/3/24,http://dummy/,"ボーイングがMSのアナリティクスやAI導入へ--顧客体験はいかに向上するか"
1,2014/3/25,http://dummy/,"明治安田生命が「Pepper」を100台導入"
1,2014/3/26,http://dummy/,"三菱電機、運転支援でＡＩ実用化　堅実に収益確保  "
1,2014/3/27,http://dummy/,"リソースナースを支援するＡＩロボットの開発が進む"
1,2014/3/28,http://dummy/,"レントゲン等の医療画像診断に人工知能の技術群を活用　ノーリツ鋼機グループのドクターネットが東京大学発のベンチャー PKSHA Technologyと事業提携"
1,2014/3/29,http://dummy/,"NVIDIA、ディープラーニングセミナーで自動運転AI開発に使用される「Tesla P100」日本初公開"
1,2014/3/30,http://dummy/,"Google、日本語もサポートのクラウド自然言語APIとスピーチAPIを一般向けにβ公開"
1,2014/3/31,http://dummy/,"ホンダとソフトバンクがAIで共同研究、クルマに感情を持たせる"
1,2014/4/1,http://dummy/,"Googleがデータセンター冷却電力を40％削減、DeepMindのAIを活用"
1,2014/4/2,http://dummy/,"シタラ興産、ＡＩロボット導入・廃棄物を自動分別"
1,2014/4/3,http://dummy/,"人工知能(AI)事業でオプトと業務提携"
1,2014/4/4,http://dummy/,"ＮＥＣ社長、ＡＩ活用した監視システム「100都市に導入」  "
1,2014/4/5,http://dummy/,"東京海上日動、モバイルアプリ開発にAI活用を見据えたクラウドサービス導入"
1,2014/4/6,http://dummy/,"サイバーエージェント　広告配信、ＡＩで最適化"
1,2014/4/7,http://dummy/,"【高知県コンテンツ企業誘致制度の企業指定】人工知能コンテンツ提供事業で会社設立のお知らせ"
1,2014/4/8,http://dummy/,"AI利用の写真アート化アプリ、Prismaが大ブーム―大手ソーシャルメディアが買収？"
1,2014/4/9,http://dummy/,"人工知能「AIアナリスト」が新機能リリース、Webサイトの未来予測が可能に"
1,2014/4/10,http://dummy/,"解析サービスのユーザーローカル、クリムゾンG、YJ、EVから数億円を調達してAI事業を強化"
1,2014/4/11,http://dummy/,"AIによる収益分析が可能な『Gate.』で海外投資家による日本不動産売買を促進へ"
1,2014/4/12,http://dummy/,"【DAC】「DialogOne」、LINEやFacebookの対話型AI機能を強化"
1,2014/4/13,http://dummy/,"【エクスウェア】が人工知能によるQ&A自動応答サービス「TalkQA」を発表！"
1,2014/4/14,http://dummy/,"NECがAI活用を支援するコンサル、検討期間を最短1カ月に"
1,2014/4/15,http://dummy/,"ごみ発電にビッグデータとAIを生かす、遠隔地から発電量を自動で調整"
1,2014/4/16,http://dummy/,"サイジニア　人工知能技術を活用した新システム『Deep MiningTM』でレコメンデーションを刷新"
1,2014/4/17,http://dummy/,"EC商品検索・レコメンド最大手のゼロスタート，IBM Watsonエコシステムパートナープログラムへの参加及びSoftbank World 2016のパネルディスカッションに登壇"
1,2014/4/18,http://dummy/,"ウイルスを分類　ＡＩ活用ソフト"
1,2014/4/19,http://dummy/,"カブキ、商品紹介 ＡＩで記事化 ＥＣサイトへ出店促進"
1,2014/4/20,http://dummy/,"AIが子どもの笑顔を逃さずキャッチ! モニター「Invidyo」はハイライト編集も"
1,2014/4/21,http://dummy/,"電車止まると遅延時間をスマホに…ＡＩで予測"
1,2014/4/22,http://dummy/,"東芝、３次元フラッシュメモリー量産へ。ＡＩ技術でサムスン追撃に自信"
1,2014/4/23,http://dummy/,"ＮＥＣ、「ワイズ」の名でＡＩブランド化"
1,2014/4/24,http://dummy/,"ホンダとソフトバンク　ＡＩで運転支援、共同開発"
1,2014/4/25,http://dummy/,"ファナック、他社機器も一元管理 新システム、ＩｏＴとＡＩ活用"
1,2014/4/26,http://dummy/,"人工知能搭載ドローンが「寝ている間に害虫駆除」佐賀で実証実験に成功"
1,2014/4/27,http://dummy/,"パナソニック、「ReaRie（リアリエ）」のサイトにAIを利用した検索機能「リアリエサーチ」を搭載"
1,2014/4/28,http://dummy/,"『ふじたろう』新機能！相場情報を搭載した 「チャットボット」によるインバウンド構想"
1,2014/4/29,http://dummy/,"糖尿病分析　電子カルテで病状把握へ"
1,2014/4/30,http://dummy/,"サイジニア、紙媒体のレコメンド効果を計測する特許を取得"
1,2014/5/1,http://dummy/,"IMJ、チャットボット活用を支援するコンサルティングサービス開始"
1,2014/5/2,http://dummy/,"AIで自動車関連事業を強化、DeNAとPFNが合弁会社"
1,2014/5/3,http://dummy/,"米ハッカーがテロ防止用の人口知能アプリ「iAWACS」を開発"
1,2014/5/4,http://dummy/,"人工知能を利用した不動産の自動取引サービス"
1,2014/5/5,http://dummy/,"人工知能開発のオルツ、意図解釈技術を搭載したチャットボット制作GUIツール「Al+ Bot Framework （オルツ・ボット・フレームワーク）」の事前登録を開始。"
1,2014/5/6,http://dummy/,"マイクロソフトとＧＥ、ＩｏＴ分野で提携"
1,2014/5/7,http://dummy/,"理系人材育成 奨学金を拡充 経産・文科省 "
1,2014/5/8,http://dummy/,"AIを活用した業務改善に向け、ディープラーニングのベンチャーと協業"
1,2014/5/9,http://dummy/,"楽天・三木谷氏が語るトラベル新戦略、「AI（人工知能）活用のサービスを本格化」、新体制から新サービスも発表　−楽天トラベルEXPO2016"
1,2014/5/10,http://dummy/,"ハウステンボス、１６日に複合施設開業　ロボ食堂など"
1,2014/5/11,http://dummy/,"シスコ、ＡＩで通信を分析　サイバー攻撃検知"
1,2014/5/12,http://dummy/,"人工知能（AI）を活用した実燃費アプリの最新バージョン「e燃費Ver.4.0」登場"
1,2014/5/13,http://dummy/,"人工知能（AI）チャットの導入開始"
1,2014/5/14,http://dummy/,"AI（人工知能）で宿泊料金を最適化表示、ホテル向けサービスでスタートアップ企業が資金調達"
1,2014/5/15,http://dummy/,"ホテル向け料金戦略AI「MagicPrice」の株式会社空、500 Startups Japan等VCと個人投資家から資金調達"
1,2014/5/16,http://dummy/,"パナがオープンイノベーション推進、ＩｏＴとＡＩ強化  "
1,2014/5/17,http://dummy/,"人工知能で「未知のサイバー攻撃」をあぶり出せ"
1,2014/5/18,http://dummy/,"Microsoft、AI bot開発フレームワークをアップデート　カードやグループチャットをサポート"
1,2014/5/19,http://dummy/,"Amazon.com、特売イベントで音声アシスタント活用"
1,2014/5/20,http://dummy/,"あなたの好みを学んで進化する、世界初の「人工知能ビール」"
1,2014/5/21,http://dummy/,"HireVue人工知能選考機能 Insights(TM) 第４回HR EXPOにて日本初公開のお知らせ"
1,2014/5/22,http://dummy/,"モーションエレメンツ、AIテクノロジーを使用した動画＆音楽検索ツールをリリース"
1,2014/5/23,http://dummy/,"イード、e燃費アプリにAI技術を活用したドライブログ機能を追加"
1,2014/5/24,http://dummy/,"マインクラフトで人工知能を育てる「Project Malmo」、MicrosoftがGitHubで一般公開"
1,2014/5/25,http://dummy/,"伸和コントロールズが川崎に開発人員集中 "
1,2014/5/26,http://dummy/,"ＣＳＳ、太陽光発電監視システムを無料開放"
1,2014/5/27,http://dummy/,"英会話教育ロボ、今秋上陸　米ＶＢが日本に照準"
1,2014/5/28,http://dummy/,"人工知能へ不安や期待は？　内閣府、議論へ一般の声募集"
1,2014/5/29,http://dummy/,"CA、人工知能を活用したチャットボット事業の拡大を目的に沖縄チャットセンターを設立"
1,2014/5/30,http://dummy/,"NTTドコモ、タクシーを迅速配車、ＡＩ使い実用化　来年度にも"
1,2014/5/31,http://dummy/,"「熟練警備員の判断をAIで自動化していく」、ALSOK青山社長 基調講演"
1,2014/6/1,http://dummy/,"日本製囲碁ＡＩ、世界トップ棋士に「詰め碁」で圧勝"
1,2014/6/2,http://dummy/,"自動運転バスを大学内で運用、ドコモとDeNA、九州大学らが開発で連携"
1,2014/6/3,http://dummy/,"「人間に解決困難な問題をAIの発展によって解決できる」、PEZY Computing齊藤社長"
1,2014/6/4,http://dummy/,"次世代人工知能・ロボット要素技術の新規研究開発13テーマを採択"
1,2014/6/5,http://dummy/,"EduLab、ディープラーニングに基づく人工知能を活用し、日本語の手書き文字認識率98.66％を実現"
1,2014/6/6,http://dummy/,"不動産情報サイト「ハウスコム」、ユーザーの質問に自動返信するAIチャット機能を採用"
1,2014/6/7,http://dummy/,"『介護ロボット・人工知能研究室』設置のお知らせ"
1,2014/6/8,http://dummy/,"英ダークトレースにソフバンクなど出資−サイバー脅威感知にＡＩ活用"
1,2014/6/9,http://dummy/,"日本マイクロソフト、2017年度は「デジタル変革」「人工知能技術」に注力"
1,2014/6/10,http://dummy/,"長崎大、新薬候補　早く絞り込み　独自スパコン活用"
1,2014/6/11,http://dummy/,"グーグル、人工知能で眼疾患の早期発見目指す−英ＮＨＳと連携"
1,2014/6/12,http://dummy/,"「何作ろう？」オーブンに相談できる　シャープ「ヘルシオ」に人工知能　会話で成長も"
1,2014/6/13,http://dummy/,"チャットボットを簡単開発Botbird for Businessを提供"
1,2014/6/14,http://dummy/,"手書きの絵から写真を検索するAIが凄い"
1,2014/6/15,http://dummy/,"Googleの人工知能で失明を防げるようにする研究がスタート"
1,2014/6/16,http://dummy/,"Facebookチャットで天気を知らせる人工知能ボット「ウェザーロイド Airi」、ウェザーニューズが公開"
1,2014/6/17,http://dummy/,"HPCが人工知能の進化を加速させる - Baiduが語ったHPCとAIの関係性"
1,2014/6/18,http://dummy/,"デジタルガレージ等3社、オープンイノベーション型の研究開発組織「DG Lab」設立"
1,2014/6/19,http://dummy/,"眼科診断も人工知能が担う時代へ"
1,2014/6/20,http://dummy/,"サイバーエージェント、人工知能を活用したチャットボット事業行う子会社を設立"
1,2014/6/21,http://dummy/,"TDSE、人工知能型SNS分析サービス「NetBase」フジテレビの参議院選挙報道特番に導入決定"
1,2014/6/22,http://dummy/,"人工知能?アダプティブ・ラーニング！クラウド型学習システム「すらら」　　　　　　「すらら」導入学校数が100校を突破！"
1,2014/6/23,http://dummy/,"東京大学などがAI活用した融資でコンソーシアム"
1,2014/6/24,http://dummy/,"AI・機械学習のモデル作成を自動化するシステム"
1,2014/6/25,http://dummy/,"Amazonが音声アシスタント強化　買い物できる商品数を拡大"
1,2014/6/26,http://dummy/,"人工知能応用した「なめらかなシステム」実現へ、「ペパボ研究所」設立"
1,2014/6/27,http://dummy/,"APがAIでマイナーリーグ全1万試合をカバー"
1,2014/6/28,http://dummy/,"ＡＩと社会、どう付き合う　内閣府・文科省が研究"
1,2014/6/29,http://dummy/,"高木商事、自販機向け防災・防犯機器　電子看板で避難所表示"
1,2014/6/30,http://dummy/,"ＡＩ・ロボ技術で対決 「ロボカップ2016」開幕 "
1,2014/7/1,http://dummy/,"ソニー平井社長、消費者との「ラスト１インチ」こだわる"
1,2014/7/2,http://dummy/,"ロボット（人工知能）のテロリストや徒党、人間を攻撃する恐れ…総務省が報告"
1,2014/7/3,http://dummy/,"米国Adatos Pte Ltd.と業務提携 独自の人工知能技術によるビックデータ解析サービスを日本で提供"
1,2014/7/4,http://dummy/,"視覚訓練に伴う脳の変化についての論争に決着をつけた新技術"
1,2014/7/5,http://dummy/,"初物づくしのマッサージチェア! 人工知能&IoTで「ルピナス FMC- LPN10000｣は何ができる？"
1,2014/7/6,http://dummy/,"シミュラティオ、自然言語と数式の融合が可能な人工知能システム「LAND」提供開始"
1,2014/7/7,http://dummy/,"IBMとCisco、Watsonベースの協業支援ソリューションを共同開発へ"
1,2014/7/8,http://dummy/,"M-SOL、Pepperの音声認識機能をホテル向けに開発 - 7月から標準機能"
1,2014/7/9,http://dummy/,"Googleが語る、ニューラルネットワーク "
1,2014/7/10,http://dummy/,"設計資産活用に新提案、ディープラーニングで紙図面をアーカイブ"
1,2014/7/11,http://dummy/,"人工知能誤判断？テスラ、自動運転中に死亡事故"
1,2014/7/12,http://dummy/,"A-SaaSと横浜銀行がAI融資のコンソーシアム、中小企業向けに即日審査を目指す"
1,2014/7/13,http://dummy/,"NRI、人工知能を活用した窓口業務支援ソリューション"
1,2014/7/14,http://dummy/,"日立、製造業向けＩｏＴシステム　三菱電機・インテルと"
1,2014/7/15,http://dummy/,"消費者向けＡＩ、「ボット」が最有望　米の企業調査  "
1,2014/7/16,http://dummy/,"機械学習によるデータ分析をスモールスタートで"
1,2014/7/17,http://dummy/,"電通大に人工知能研究センター設立 国立大で初"
1,2014/7/18,http://dummy/,"人工知能パイロットが無人戦闘機の戦闘シミュレーションで元空軍大佐に勝利"
1,2014/7/19,http://dummy/,"ソニー、深層強化学習を搭載したロボットエージェントを投入へ"
1,2014/7/20,http://dummy/,"イスラエル最大級スタートアップデータベースMillion Times Proトライアル提供開始"
1,2014/7/21,http://dummy/,"英ＥＵ離脱の衝撃かわしたブレバンとディスカバリー、ＡＩ技術を駆使"
1,2014/7/22,http://dummy/,"人工知能の医療活用や最新病院経営システム、国際モダンホスピタルショウ2016開幕へ"
1,2014/7/23,http://dummy/,"人工知能でエアコン調節、「マイ温度」発売"
1,2014/7/24,http://dummy/,"独シーメンス、新技術に５年で1100億円投資　ＡＩなど対象"
1,2014/7/25,http://dummy/,"ＡＩ・先端素材を農業に 東農大・日立キャピタル、協定を締結 "
1,2014/7/26,http://dummy/,"東芝、ＡＩで生産性向上 メモリー 「ムダ」分析時間１／３ 深層学習で欠陥も検査 "
1,2014/7/27,http://dummy/,"人工知能チャットbot作成サービス「My-ope（マイオペ）」の事前登録を開始いたしました。"
1,2014/7/28,http://dummy/,"AI制御のロボット玩具Anki「Cozmo」--ユーザー認識が可能で感情も表現"
1,2014/7/29,http://dummy/,"NEC、チケット本人確認システムで人工知能学会から金賞を受賞"
1,2014/7/30,http://dummy/,"パナソニック、ＡＩ活用の自動翻訳技術を１８年度に事業化?訪日客・五輪向け "
1,2014/7/31,http://dummy/,"カラフル・ボードと三菱食品が提携、味覚の人工知能を開始へ"
1,2014/8/1,http://dummy/,"ベジタリア、農業IoT事業の拡大に向け、NTTドコモとの資本業務提携を締結"
1,2014/8/2,http://dummy/,"エビスマリンと長崎大、泳ぐアオコ退治ロボ "
1,2014/8/3,http://dummy/,"理研と京大 包括協定 脳科学などで研究者交流 関西にもＡＩ拠点 "
1,2014/8/4,http://dummy/,"KANADE DSPが新ロジックにより、コンバージョン獲得コストの自動最適化機能を強化"
1,2014/8/5,http://dummy/,"仕事の満足感を高める人工知能を開発、日立が実証実験へ"
1,2014/8/6,http://dummy/,"ヤマト運輸、LINEアカウントに会話AIを活用した荷物問い合わせ機能追加"
1,2014/8/7,http://dummy/,"東芝情シス、機械学習によるデータ分析・予測支援をスモールスタートで提供"
1,2014/8/8,http://dummy/,"ネット通販の配送時間、30分単位で通知　アスクル"
1,2014/8/9,http://dummy/,"日立がＩｏＴやＡＩ重視の新研究棟　100億円投資"
1,2014/8/10,http://dummy/,"サムスンが人工知能スタートアップ投資で世界4位に浮上"
1,2014/8/11,http://dummy/,"リアルワールド、東大発ベンチャーのフェアリーデバイセズとAI関連産業の教師データの共同創出へ"
1,2014/8/12,http://dummy/,"賞金500万ドルのIBMワトソンAI Xプライズのコンテストが応募受付を開始"
1,2014/8/13,http://dummy/,"ディープラーニングによるビッグデータ解析に強みを持つベンチャー企業ABEJAと連携"
1,2014/8/14,http://dummy/,"人工知能ロボット「Musio」、製造は「AIBO」と同じく「VAIO」の工場に"
1,2014/8/15,http://dummy/,"クラウド会計ソフトのfreeeがAIによる自動仕訳の特許を取得、ラボも開設"
1,2014/8/16,http://dummy/,"「深層学習」で能力向上、ロボサッカー３連覇へ"
1,2014/8/17,http://dummy/,"ＡＩ搭載アプリで最強棋士気分"
1,2014/8/18,http://dummy/,"Picturesqe, Inc.人工知能、ベストショット写真のハイライトに取り組む"
1,2014/8/19,http://dummy/,"freee、人工知能を用いた自動仕訳機能「仕訳登録AI」を提供開始"
1,2014/8/20,http://dummy/,"芸能人ＳＮＳへのストーカー、殺人予告…　民間企業が監視サービス開始　人工知能（ＡＩ）で危険を把握"
1,2014/8/21,http://dummy/,"FBメッセンジャーが美容アドバイザーに　「口紅を試せる」ボットが登場"
1,2014/8/22,http://dummy/,"フェイスブック、ＡＩをより人らしく　自分で言葉学ぶ"
1,2014/8/23,http://dummy/,"AIを搭載した家庭用コミュニケーションロボット「JIBO」の予約受付が開始"
1,2014/8/24,http://dummy/,"Pepperが優れた経営判断をするようになったら、孫社長はどうする？"
1,2014/8/25,http://dummy/,"600時間分のドラマを観た人工知能による「人間行動の予測」の精度"
1,2014/8/26,http://dummy/,"NBAでドラフト指名すべき選手はIBMの人工知能「ワトソン」が教えてくれる"
1,2014/8/27,http://dummy/,"NEC、「顔認証ソフトウェアを用いたチケット本人確認システムの開発」で人工知能学会現場イノベーション賞・金賞を受賞"
1,2014/8/28,http://dummy/,"グーグルＡＩ、囲碁の次は３Ｄサッカーゲームを攻略"
1,2014/8/29,http://dummy/,"特許庁がAI活用した特許審査、来年度に実証"
1,2014/8/30,http://dummy/,"公募「人工知能技術に係る産業化ロードマップ策定等調査事業」"
1,2014/8/31,http://dummy/,"IBM、Watsonを活用した医療向け画像処理で新たな協業"
1,2014/9/1,http://dummy/,"日立と京大、生物の進化に学ぶAI研究など3テーマに取り組む共同ラボを設立"
1,2014/9/2,http://dummy/,"SoundCloudに機械学習によるレコメンド機能追加"
1,2014/9/3,http://dummy/,"グーグル、安全な人工知能開発のために問うべき課題に関する論文を発表"
1,2014/9/4,http://dummy/,"ソフトバンク孫代表、株主総会で「人工知能の進化」について熱弁をふるう"
1,2014/9/5,http://dummy/,"タグピク、人工知能AIを活用したインスタグラマーなどのキャスティングシステムを開発"
1,2014/9/6,http://dummy/,"国内初、人工知能を活用した投資用不動産の取引サービス『Gate.』をリリース"
1,2014/9/7,http://dummy/,"E・マスク氏も参画するOpenAI、技術目標を発表--家事ロボットの開発など"
1,2014/9/8,http://dummy/,"人工知能開発の株式会社オルツ、シードラウンド総額約6.1億円の資金調達を、ジャフコ、SMBCベンチャーキャピタル、三菱UFJキャピタルより実施"
1,2014/9/9,http://dummy/,"マイクロソフトら、2020年までにAIで訪日客向けリアルタイム翻訳提供へ"
1,2014/9/10,http://dummy/,"Microsoftが「蚊取り器」開発　ジカ熱などを媒介する蚊を捕獲"
1,2014/9/11,http://dummy/,"がん検出率95％!人工知能を用いてがん細胞を特定する方法を米科学者が発明"
1,2014/9/12,http://dummy/,"Twitter、最高1億5000万ドルでMagic Pony Technologyを買収―ニューラルネットワークで画質改善へ"
1,2014/9/13,http://dummy/,"人工知能が民主主義のリスクに？　「ロボットが参政権要求するかも…」と報告書"
1,2014/9/14,http://dummy/,"UBICなど3者、医療事業分野で人工知能を用いるための共同研究を開始"
1,2014/9/15,http://dummy/,"パナソニック、ＡＩ技術者の育成を加速　阪大と共同講座"
1,2014/9/16,http://dummy/,"病院で働くPepper、命をつなぐIoTペンダント――富山発、地方の高齢者を救うIT "
1,2014/9/17,http://dummy/,"半導体ＦＰＧＡ、高速処理・省電力で　東北大・ＮＥＣが開発"
1,2014/9/18,http://dummy/,"ＡＩで中古住宅査定、正確に　国交省がデータ公開"
1,2014/9/19,http://dummy/,"阪大、実験・論文データ蓄積　外部に公開し連携促す "
1,2014/9/20,http://dummy/,"人工知能とバイオ組み合わせ新産業育成　経産省が共同研究組織を検討"
1,2014/9/21,http://dummy/,"Googleの人工知能DQNが「自分でルールを推測」してゲームをプレイ。状況判断で行動を決める強化学習を統合"
1,2014/9/22,http://dummy/,"トヨタ 人工知能研究トップ 自動運転の進化などに意欲"
1,2014/9/23,http://dummy/,"ハウスマート、ＡＩが適正価格を推定　中古マンションで  "
1,2014/9/24,http://dummy/,"ドコモ新社長､まさかの｢人工知能推し｣"
1,2014/9/25,http://dummy/,"米グーグル、スイスに人工知能研究拠点　人材獲得狙う"
1,2014/9/26,http://dummy/,"映像から音を予測--MITの人工知能が「音のチューリングテスト」に合格"
1,2014/9/27,http://dummy/,"IBM Watsonを乗客インターフェイスに利用した電気ミニバス、Olliが運行開始へ"
1,2014/9/28,http://dummy/,"パナソニックがR＆D戦略を転換、AI/ロボティクスとエネルギー注力"
1,2014/9/29,http://dummy/,"MobileファーストからAIファーストで生産性向上を図るGoogle Apps "
1,2014/9/30,http://dummy/,"IBM、機械学習採用のビジネス向け超ピンポイント気象予測・対策支援サービス「Deep Thunder」発表"
1,2014/10/1,http://dummy/,"リアルワールド---クラウドワーカーを活用した音声教師データの提供によりAIの共同開発を開始"
1,2014/10/2,http://dummy/,"Google、企業向けに機械学習連携など新たなプッシュ型アプリを発表"
1,2014/10/3,http://dummy/,"富士フイルム、人工知能を用いて患者ごとの体内の立体構造をより正確に描出する画像処理技術を新開発"
1,2014/10/4,http://dummy/,"ＡＩで人事部いらず？　データで最適配置  "
1,2014/10/5,http://dummy/,"ガリバーインターナショナルとUBICの子会社Rappaが協業"
1,2014/10/6,http://dummy/,"革新的な材料開発手法の構築に着手"
1,2014/10/7,http://dummy/,"AlphaGoのDeepMind社、汎用人工知能向け理論を更新"
1,2014/10/8,http://dummy/,"アップル、ＡＩ活用とメッセンジャー強化の開発方針を発表  "
1,2014/10/9,http://dummy/,"カブドットコム、ＡＩで調査リポート　中小型銘柄を１分で"
1,2014/10/10,http://dummy/,"人工知能「SENSY」活用で パーソナライズDM（ダイレクトメール）実現！ 〜はるやま商事「P.S.FA」のDMに試験導入〜"
1,2014/10/11,http://dummy/,"ＡＩ活用しロボ故障予測　安川電機、日本ＩＢＭと  "
1,2014/10/12,http://dummy/,"ノーリツ鋼機、ＡＩでレントゲン診断　ＶＢと"
1,2014/10/13,http://dummy/,"アップル、ＡＩで音楽付きアルバム自動生成"
1,2014/10/14,http://dummy/,"Webサイトを分析する人工知能「AIアナリスト」に、URLの入力だけで、ページの課題を見つける新機能"
1,2014/10/15,http://dummy/,"IBM、米国糖尿病学会とWatson促進で協力"
1,2014/10/16,http://dummy/,"大塚製薬、ＡＩで日本ＩＢＭと新会社　精神科向けにソフト"
1,2014/10/17,http://dummy/,"ヤフー、人工知能（ＡＩ）とビッグデータ分析で野球チケット価格を柔軟設定"
1,2014/10/18,http://dummy/,"三井住友銀、ＡＩによる金融商品提案へ　脳科学で顧客の投資パターン分析　１０月からデータ収集"
1,2014/10/19,http://dummy/,"ＧＭ、カナダの研究拠点拡充　自動運転車など開発"
1,2014/10/20,http://dummy/,"ＡＩ人材、電機も食指　ソニーは新卒採用に専門枠  "
1,2014/10/21,http://dummy/,"ＤｅＮＡ前会長の春田氏、ＡＩベンチャー設立"
1,2014/10/22,http://dummy/,"ＡＩで薬の発がん性予測　京大、新薬開発を効率化  "
1,2014/10/23,http://dummy/,"人工知能の敵とは？　SECCON実行委員の園田道夫教授らが人工知能のセキュリティについて議論"
1,2014/10/24,http://dummy/,"人工知能がどのようにして次の手を考えているのかが可視化されるチェスゲーム「Thinking Machine 6」"
1,2014/10/25,http://dummy/,"自然色を追求“人工知能×カラー変換”技術"
1,2014/10/26,http://dummy/,"ドコモ発、人工知能があなたのECサイトを接客支援「ecコンシェル」"
1,2014/10/27,http://dummy/,"富士通、ものづくりに特化したAI活用基盤を開発してコンサルサービスを提供"
1,2014/10/28,http://dummy/,"人工知能でタイヤ成型工程の生産性を2倍に、ブリヂストンが進めるICT工場"
1,2014/10/29,http://dummy/,"Studio Ousia、人工知能のクイズコンペティションで優勝"
1,2014/10/30,http://dummy/,"本田技術研究所、ＡＩが渋滞状況を推定?スマホでデータ収集"
1,2014/10/31,http://dummy/,"グーグル、AIソフトウェア「TensorFlow」に「iOS」サポートを追加"
1,2014/11/1,http://dummy/,"ＡＩ病名判断　静岡大チームが国際コンテスト首位"
1,2014/11/2,http://dummy/,"ＬＩＮＥでの質問にＡＩが回答　三井住友海上が今年度中にサービス開始"
1,2014/11/3,http://dummy/,"ホンダ、AI研究拠点を東京・赤坂に設立"
1,2014/11/4,http://dummy/,"「ＡＩ診療、加速する可能性」　ＩＣＴサミット閉幕"
1,2014/11/5,http://dummy/,"米Ｊ＆ＪのＣＩＯ「医療でもＡＩ使った実証事業」  "
1,2014/11/6,http://dummy/,"「日本を人工知能研究の先進国に」――東大に研究者育成講座　ドワンゴ、トヨタなどが9億円寄付"
1,2014/11/7,http://dummy/,"採用 ＡＩが人材推薦　選考例から企業の「好み」診断  "
1,2014/11/8,http://dummy/,"ソフトバンク系、稼げる農業 ＡＩが指南"
1,2014/11/9,http://dummy/,"Amazonの音声支援Alexa、スキルが1000種に"
1,2014/11/10,http://dummy/,"世界初「最先端AIを搭載した車載センサー」を開発"
1,2014/11/11,http://dummy/,"Google、人工知能の反逆を抑止する「非常ボタン」開発"
1,2014/11/12,http://dummy/,"人工知能、初の倫理綱領　悪用防止求める　学会素案"
1,2014/11/13,http://dummy/,"AIがいよいよクリエイティブ領域に進出？！「クロレッツ　ミントタブ」が人工知能クリエイティブディレクターにCM制作を依頼世界初！人間 VS 人工知能のCM制作対決！6月6日（月）より特設サイトで投票"
1,2014/11/14,http://dummy/,"Housmart、WEB不動産「カウル」にて人工知能によるビッグデータを活用した不動産価格推定機能をリリース"
1,2014/11/15,http://dummy/,"人工知能開発の株式会社オルツ，自然言語処理技術のエキスパート Nguyen Tuan Duc氏を迎え，人工知能研究開発センター設立準備を開始"
1,2014/11/16,http://dummy/,"会話ＡＩがお年寄りの話し相手　ある山村での試み"
1,2014/11/17,http://dummy/,"新生銀、ＡＩで融資可能額算出　取引明細などデータ活用 "
1,2014/11/18,http://dummy/,"IBM、声で質問できるインタラクティブ広告「Watson Ads」　まずはキャンベルスープなどが採用"
1,2014/11/19,http://dummy/,"ウエアラブルやAI活用のIoTデバイスも、IPAが未踏スーパークリエータ発表"
1,2014/11/20,http://dummy/,"モノ言うＡＩ、日立が基礎技術　意思決定を支援  "
1,2014/11/21,http://dummy/,"首相、第４次産業革命での政財連携に意欲　「車の両輪」と強調"
1,2014/11/22,http://dummy/,"トヨタ、ロボ２社買収交渉　車業界、ＡＩ人材争奪"
1,2014/11/23,http://dummy/,"Facebookの新しい人工知能「Deep Text」は、あらゆる投稿を分類する"
1,2014/11/24,http://dummy/,"グーグル、人工知能が作り出したメロディを初披露"
1,2014/11/25,http://dummy/,"Apple Watchより革新的！Amazonの人工知能に話しかけて操作できる「CoWatch」が登場へ"
1,2014/11/26,http://dummy/,"「AIレポート」でユーザーの動きをレポート出力 〜 人工知能によるサイト評価レポート機能を追加 〜"
1,2014/11/27,http://dummy/,"エスプリ・ド・エスプリ、人工知能がレシピ開発するクレープ料理店を開店 "
1,2014/11/28,http://dummy/,"米ナスダック証券取引所「人工知能で違法株取引を摘発する」"
1,2014/11/29,http://dummy/,"IBM、「2015年は世界で標的型攻撃にシフト」と分析　AIの本格活用も"
1,2014/11/30,http://dummy/,"「Amazon Echoの音声操作アプリは簡単に作れる」、米AWSのJotwani氏"
1,2014/12/1,http://dummy/,"ドコモなど、人工知能利用でタクシー需要をリアルタイム予測する実証実験"
1,2014/12/2,http://dummy/,"ホンダ、東京都心にＡＩ研究拠点　人材確保めざす "
1,2014/12/3,http://dummy/,"日立、米で次世代電力網　人工知能使い需要予測"
1,2014/12/4,http://dummy/,"機械学習が自動運転分野に、IMECが開発を加速"
1,2014/12/5,http://dummy/,"ハーバー銀座館 人工知能を活用した店舗解析プラットフォーム 「ABEJA Platform for Retail」を導入"
1,2014/12/6,http://dummy/,"台風や爆弾低気圧でも発電、IoTと機械学習を活用する次世代風力"
1,2014/12/7,http://dummy/,"AIで生徒の学力アップ！凸版印刷、電子教材で個別答案を解析"
1,2014/12/8,http://dummy/,"「ヒトの能力を補強して引き出す研究を」ＮＴＴ、ＡＩ技術の研究３００人体制へ"
1,2014/12/9,http://dummy/,"ピクレトリ、人工知能でかしこくなる声で登録するリマインダーアプリ"
1,2014/12/10,http://dummy/,"関西の産学官、医療・健康に人工知能応用を　京都でシンポ  "
1,2014/12/11,http://dummy/,"NTTグループ、AI技術の新ブランド「corevo」　外部と積極コラボでビジネス展開"
1,2014/12/12,http://dummy/,"ワークスの人工知能型ERP「HUE」、朝日放送統合人事システムとして採用"
1,2014/12/13,http://dummy/,"Amazon.comのAIアシスタント「Alexa」をWebブラウザで使える「Echosim.io」登場"
1,2014/12/14,http://dummy/,"Apple、開発中の音声アシスタント機器に顔認証を搭載か"
1,2014/12/15,http://dummy/,"ドコモ、AI活用の「おしゃべりロボットfor Biz」-シナリオカスタマイズ可能"
1,2014/12/16,http://dummy/,"人工知能による画像解析技術で、ごみのポイ捨て状況を調査するシステム「タカノメ」が登場"
1,2014/12/17,http://dummy/,"中国、人工知能開発に３年間で１０００億人民元投入"
1,2014/12/18,http://dummy/,"東大、先端人工知能学教育寄付講座を設置"
1,2014/12/19,http://dummy/,"ＡＩファンド立ち上げ　シンプレクス、地銀向けに"
1,2014/12/20,http://dummy/,"「IoTやAIでサッカーにもデジタル化を」、SAPがSVホルン対FC今治の試合を支援"
1,2014/12/21,http://dummy/,"日本紙パルプ、ＡＩで配送手配　研究子会社設立"
1,2014/12/22,http://dummy/,"KPMGコンサルティング、コグニティブ・テクノロジー導入支援サービスの提供を開始 "
1,2014/12/23,http://dummy/,"ついに明かされる「りんな」の“脳内”　マイクロソフト、「女子高生AI」の自然言語処理アルゴリズムを公開"
1,2014/12/24,http://dummy/,"白黒写真に色付けする手法とは？ 人工知能が100年前の情景も自然に再現"
1,2014/12/25,http://dummy/,"日本ラッド、人工知能を活用した映像インデックスシステム「 vAnalyzer ? 」（ブイアナライザー）β版をリリース"
1,2014/12/26,http://dummy/,"シャープ製のロボット電話「ＲｏＢｏＨｏＮ（ロボホン）」に自然言語処理が採用"
1,2014/12/27,http://dummy/,"Foxconnが6万人の労働者をロボットに置換。人間は高度な作業に再割り振り"
1,2014/12/28,http://dummy/,"NEC、超大規模データから高速に予測モデルを生成できる「分散版異種混合学習技術」を開発 "
1,2014/12/29,http://dummy/,"NECがSpark上で使える分散型の機械学習技術を開発、約110倍に高速化"
1,2014/12/30,http://dummy/,"スカイロボット、ＡＩ搭載ドローンで遭難者探索　東大と協力 "
1,2014/12/31,http://dummy/,"人工知能使い将来の優良顧客発見　ソネットがシステム  "
1,2015/1/1,http://dummy/,"Spectee、人工知能でSNSから街のベストシーンを自動セレクト「Localive」を京都駅構内の巨大ディスプレイにリアルタイム配信。"
1,2015/1/2,http://dummy/,"アスクル、人工知能で問合せ対応"
1,2015/1/3,http://dummy/,"Apple、「Siri」を開発者に公開へ、専用機器も開発中　米メディア報道"
1,2015/1/4,http://dummy/,"ブリヂストン　人工知能搭載の最新鋭タイヤ成型システムを導入"
1,2015/1/5,http://dummy/,"ＵＢＩＣがウェブサイトの書き込みを監視する人工知能技術について特許を取得"
1,2015/1/6,http://dummy/,"世界4500万DLのヘルスケアアプリNoomが、AIと専門のコーチによる新プログラムをリリース"
1,2015/1/7,http://dummy/,"AIが必要なデータを選り分け！クラウドファーストなSIMフリースマホ「Robin」"
1,2015/1/8,http://dummy/,"Wantedly、人工知能でビジネスマッチングを支援"
1,2015/1/9,http://dummy/,"Googleが人工知能でゼロから音楽を創造する"
1,2015/1/10,http://dummy/,"文科省、AIPプロジェクトの戦略目標を決定 - AIを活用したセキュリティ技術開発など"
1,2015/1/11,http://dummy/,"セールスフォース、機械学習への投資を強化"
1,2015/1/12,http://dummy/,"ＡＩピアノと人間が合奏　巨匠の演奏、再現へ第一歩"
1,2015/1/13,http://dummy/,"NTTアイティ株式会社及び株式会社フュートレック　 音声認識事業における業務提携について"
1,2015/1/14,http://dummy/,"ＡＩと、どう付き合う？　国主導で幅広く議論へ"
1,2015/1/15,http://dummy/,"人工知能エンジンの性能を1000倍向上させる - PEZYが新会社を設立し、技術開発を開始"
1,2015/1/16,http://dummy/,"科技白書を閣議決定　ＡＩ・ロボットで変わる社会示す  "
1,2015/1/17,http://dummy/,"Googleは機械学習アルゴリズム専用の高速チップを内製"
1,2015/1/18,http://dummy/,"Google I/O 2016の基調講演まとめ　AI中心、VRの取り組みも"
1,2015/1/19,http://dummy/,"Google、Amazon Echo対抗の音声アシスタント端末「Google Home」を年内発売へ"
1,2015/1/20,http://dummy/,"PepperがAndroidに対応、ロボットアプリ開発SDKの無償提供を開始"
1,2015/1/21,http://dummy/,"米グーグル、対話アプリに参入　今夏78カ国語で開始  "
1,2015/1/22,http://dummy/,"Amazon.com、ディスプレイを備える音声アシスタント端末を開発か"
1,2015/1/23,http://dummy/,"ソニー、次世代の人工知能開発に向け米国のスタートアップに資本参加"
1,2015/1/24,http://dummy/,"ロボットの画像認識プログラム、機械学習で自動生成する技術が商品化"
1,2015/1/25,http://dummy/,"英語発音の正確性をAIが測定--音声技術のサインウェーブが中国の有力企業と提携"
1,2015/1/26,http://dummy/,"「ノーベル賞クラスの物理実験」を人工知能が1時間で再現"
1,2015/1/27,http://dummy/,"ソニー、次世代の人工知能（AI）に関する研究開発で米社に資本参加"
1,2015/1/28,http://dummy/,"ハーツユナイテッドグループなど、書き込み監視サービスを開始"
1,2015/1/29,http://dummy/,"富士通研究所、窓口対応業務向けにAIよる自律的対話技術開発"
1,2015/1/30,http://dummy/,"AIを活用したユニークな業務改善を目指す - 良品計画の“最初の一歩”"
1,2015/1/31,http://dummy/,"カード履歴で個別販促　クレディセゾンなど人工知能使い分析  "
1,2015/2/1,http://dummy/,"自分の声、他人そっくりに　電通大が変換技術開発 "
1,2015/2/2,http://dummy/,"中国の人工知能ＶＢ、日本に本格参入　アイフライテック"
1,2015/2/3,http://dummy/,"大商、研究機関と企業つなぐデータベース　ＩｏＴなど"
1,2015/2/4,http://dummy/,"人工知能の「弁護士アシスタント」生まれる　コスト削減される分野は・・・"
1,2015/2/5,http://dummy/,"エイジア、人工知能アルゴリズムを駆使した感性分析型テキストマイニングシステム「WEBCAS Sense Analyzer」を6月に発売"
1,2015/2/6,http://dummy/,"「ＩＴ・人工知能育成してＧＤＰ６００兆円達成」…安倍首相の「第４次産業革命」推進へ"
1,2015/2/7,http://dummy/,"オンライン不動産仲介「ietty」、東大と共同研究　人工知能botで物件提案"
1,2015/2/8,http://dummy/,"VW社、ドイツ人工知能研究センターに出資"
1,2015/2/9,http://dummy/,"WACUL、人工知能「AIアナリスト」にFacebook投稿の分析機能を追加"
1,2015/2/10,http://dummy/,"今後は人工知能とエネルギー領域に重点"
1,2015/2/11,http://dummy/,"人工知能活用　農業版「小泉改革」に農協困惑"
1,2015/2/12,http://dummy/,"人工知能やロボット分野強化　17年度予算案"
1,2015/2/13,http://dummy/,"藤崎電機、京都に人工知能の研究所　プラント制御に応用"
1,2015/2/14,http://dummy/,"セブン銀、人工知能使いＡＴＭ内の紙幣量管理"
1,2015/2/15,http://dummy/,"Google、自然言語理解（NLU）の基礎となる「SyntaxNet」をオープンソース化"
1,2015/2/16,http://dummy/,"Google、Amazon対抗の音声アシスタント端末、「Google I/O」で披露か"
1,2015/2/17,http://dummy/,"LITALICOとUBIC、人工知能を利用した自殺の予防対策で協業"
1,2015/2/18,http://dummy/,"パナソニック、ＡＩ開発の技術者増員へ　学生スカウトも"
1,2015/2/19,http://dummy/,"IBM、“Watson”を使うセキュリティサービス「Watson for Cyber Security」を発表"
1,2015/2/20,http://dummy/,"「無停止でシステム更新」NECが最適手順はじき出すAI技術"
1,2015/2/21,http://dummy/,"アマゾン、ディープラーニングライブラリ「DSSTNE」をオープンソース化"
1,2015/2/22,http://dummy/,"「RSA Security Analytics」新版、リアルタイム分析で脅威の発見を迅速化"
1,2015/2/23,http://dummy/,"人工知能で農業効率化　競争力強化へ自民提言"
1,2015/2/24,http://dummy/,"富士通が自動運転向けのIoTクラウドサービス、2017年度に実証実験"
1,2015/2/25,http://dummy/,"Siri開発者らがオープンなAIアシスタント「Viv」を発表"
1,2015/2/26,http://dummy/,"LINEやFacebookでユーザーと対話「人工知能ボットAPI」　ユーザーローカルが無償提供"
1,2015/2/27,http://dummy/,"アパホテル社長が人工知能ボットに - フロント業務デモをSlush Asiaで披露"
1,2015/2/28,http://dummy/,"都市の警備配置問題を高速に解くAI--富士通研と電気通信大"
1,2015/3/1,http://dummy/,"羽生善治名人　人工知能と対戦へ"
1,2015/3/2,http://dummy/,"人工知能作品保護、１７年度にも　政府の知的財産推進計画"
1,2015/3/3,http://dummy/,"日立、営業２万人増員　コンサル重視へ転換  "
1,2015/3/4,http://dummy/,"ディープラーニング導入用に検証済みのハードやソフトを提供するシステム"
1,2015/3/5,http://dummy/,"三菱ＵＦＪ信託、ＡＩが運用する投信　16年度内にも  "
1,2015/3/6,http://dummy/,"キヤノン、人工知能搭載ロボット「Kibiro」をコンシェルジュとして採用"
1,2015/3/7,http://dummy/,"米IBM、Sesame Workshopと提携 - 家庭向け適応学習プラットフォーム"
1,2015/3/8,http://dummy/,"Google DeepMind、TensorFlowの採用を発表"
1,2015/3/9,http://dummy/,"GoogleのピチャイCEO、「時代はモバイル第一からAI（人工知能）第一へ」"
1,2015/3/10,http://dummy/,"ＡＩの悪用防止、ルール策定へ　Ｇ７情報通信相会合  "
1,2015/3/11,http://dummy/,"特許庁 出願手続きに人工知能使った新システム導入へ"
1,2015/3/12,http://dummy/,"ロボット5台が大喜利に挑戦、人工知能の“ボケ”で笑いはとれるか？"
1,2015/3/13,http://dummy/,"殺人ロボット、実用化は目前か　規制への長い道のり"
1,2015/3/14,http://dummy/,"IBM Watsonが医療にもたらす未来 - ヘルスケアIT 2016"
1,2015/3/15,http://dummy/,"自民、ＡＩ研究の司令塔創設　開発促進へ提言  "
1,2015/3/16,http://dummy/,"人工知能がパーソナルトレーナーになるAI機能を無料で提供"
1,2015/3/17,http://dummy/,"ＡＩ・ロボット活用しないと30年の雇用735万人減　経産省試算  "
1,2015/3/18,http://dummy/,"建築仕上げ検査作業が音声認識技術で半減、矢作建設工業が導入"
1,2015/3/19,http://dummy/,"人工知能アプリ「SELF」と会話する生活……予定管理・性格分析・小話まで"
1,2015/3/20,http://dummy/,"［日経ITイノベーターズ］「もうAIを使わないと生き残れない」、楽天の森執行役員"
1,2015/3/21,http://dummy/,"富士通、「生産落ちてますね、あそこ直した方がいいですよ」と会話する人工知能"
1,2015/3/22,http://dummy/,"YouTubeのモバイルアプリ、ホーム画面で人工知能がお勧め動画を紹介"
1,2015/3/23,http://dummy/,"インタープロテイン、ＡＩで解析し創薬　がん・免疫疾患薬"
1,2015/3/24,http://dummy/,"2020年には言語理解、30年には執事ロボ…ＡＩの社会経済影響評価まとまる"
1,2015/3/25,http://dummy/,"Amazonの音声アシスタント「Alexa」、予定入力に対応"
1,2015/3/26,http://dummy/,"人工知能研究の総務-文科-経産3省連携が本格始動、初のシンポジウム開催"
1,2015/3/27,http://dummy/,"クラスキャット、分散型の深層学習サービスをAWSで提供"
1,2015/3/28,http://dummy/,"ポータルサイトの「goo」、人生相談にAI（人工知能）が答えるサービス提供"
1,2015/3/29,http://dummy/,"富士重工業と日本IBM、高度運転支援システムで協業──クラウドとWatsonを活用"
1,2015/3/30,http://dummy/,"人工知能開発の司令塔設置を　自民提言、首相トップに  "
1,2015/3/31,http://dummy/,"ＡＩ開発に国際基準　政府、Ｇ７会合で提案  "
1,2015/4/1,http://dummy/,"ドローンが飛び方を独学　東工大開発、ＡＩで最適化  "
1,2015/4/2,http://dummy/,"「忘れてた！」をなくす人工知能×リマインダアプリ『ピクレトリ』のiOS版をリリースしました"
1,2015/4/3,http://dummy/,"NEDO、「次世代人工知能技術社会実装ビジョン」を公表"
1,2015/4/4,http://dummy/,"AMBITION、イタンジと人工知能を用いた自動接客システムを共同開発"
1,2015/4/5,http://dummy/,"ヤマハの人工知能演奏　巨匠リヒテルのピアノ再現へ"
1,2015/4/6,http://dummy/,"家のテレビに「人工知能」の機能を追加する装置、シャープから"
1,2015/4/7,http://dummy/,"ネットワールドが深層学習向けコンバージドシステム投入、NVIDIA製GPUを採用"
1,2015/4/8,http://dummy/,"電通やインテル、屋外広告にＡＩ活用実験　車種見分け表示  "
1,2015/4/9,http://dummy/,"産業競争力会議、ＧＤＰ600兆円へ目標 ＡＩ・ロボ30兆円市場に"
1,2015/4/10,http://dummy/,"日立Sol、AI技術を活用したマルウェア対策製品「CylancePROTECT」販売"
1,2015/4/11,http://dummy/,"ファナックなど、製造業IoT進める情報基盤を発表"
1,2015/4/12,http://dummy/,"IBMとイリノイ大学、コグニティブコンピューティングの研究で協力体制"
1,2015/4/13,http://dummy/,"ディープラーニングによる特徴抽出を組み合わせ画像認識精度が向上"
1,2015/4/14,http://dummy/,"ジャズを自動作曲する人工知能「deepjazz」、AIが作ったジャズはこんな感じ"
1,2015/4/15,http://dummy/,"MIT、サイバー攻撃の85％を検知する人工知能プラットフォーム「AI Squared」を発表"
1,2015/4/16,http://dummy/,"人工知能がユーザーにイベントを提案！　アライドアーキテクツ、アプリ「watav」にAI搭載"
1,2015/4/17,http://dummy/,"人工知能とBeaconを活用した健康増進アプリ、FiNC"
1,2015/4/18,http://dummy/,"コムチュア、ビッグデータやAI分析などを行う新会社を設立"
1,2015/4/19,http://dummy/,"ビッグデータ解析の最先端技術などを研究開発する新組織を設立"
1,2015/4/20,http://dummy/,"ロボット兵器の規制検討を　条約締結国の非公式会合が勧告  "
1,2015/4/21,http://dummy/,"ＡＩ・ロボット、30兆円市場に　政府「ＧＤＰ600兆円」へ目標"
1,2015/4/22,http://dummy/,"人工知能作品に「著作権」　音楽や小説など、政府知財本部方針  "
1,2015/4/23,http://dummy/,"自閉症、人工知能が判別　ＡＴＲなど 脳のＭＲＩ画像から"
1,2015/4/24,http://dummy/,"ヤマハ、「人工知能演奏システム」による人間×機械の演奏会に技術協力"
1,2015/4/25,http://dummy/,"東レが総合研究所　100億円投資、炭素繊維に続く強み育成  "
1,2015/4/26,http://dummy/,"人工知能搭載の新聞スクラップ用ペン「CUTPEN」発表 - 関連語を抽出しスマホ連携"
1,2015/4/27,http://dummy/,"日立がIoT基盤を整備し鉄道や電力事業に、「GEやIBMより優位」"
1,2015/4/28,http://dummy/,"シャープ、ロボ型携帯電話を５月発売　価格は21万円"
1,2015/4/29,http://dummy/,"FacebookがMessengerのチャットボットのプラットフォームを発表"
1,2015/4/30,http://dummy/,"Facebookが今後10年で重要視するのは「人工知能」「VR＆ARメガネ端末」「Wi-Fiドローン」"
1,2015/5/1,http://dummy/,"理化学研究所が人工知能の研究拠点「革新知能統合研究センター」設置、3省連携体制整う"
1,2015/5/2,http://dummy/,"Googleの機械学習ソフト、分散コンピューティングをサポート"
1,2015/5/3,http://dummy/,"10年以内に人工知能による仕事への影響はあるのか - ガートナー調査"
1,2015/5/4,http://dummy/,"人工知能活用で倫理指針　科技相が検討表明"
1,2015/5/5,http://dummy/,"ＡＩ技術の黒子役、米エヌビディア快走　50兆円市場を開拓  "
1,2015/5/6,http://dummy/,"日立が人工知能ロボットを開発　接客・案内サービス向け"
1,2015/5/7,http://dummy/,"ソネットメディア、DSPのオーディエンスターゲティングに人工知能エンジン"
1,2015/5/8,http://dummy/,"AI開発へ経産など3省連携　事業化推進、シリコンバレーに研究所"
1,2015/5/9,http://dummy/,"Androidの父が語るAIとロボット工学がもたらす近未来-新経済サミット2016"
1,2015/5/10,http://dummy/,"すららネット、慶大と共同でクラウド型学習システムにAIを搭載する共同研究"
1,2015/5/11,http://dummy/,"文科省の「ＡＩ研究」新拠点　トップに東大41歳教授"
1,2015/5/12,http://dummy/,"人工知能、レンブラント「新作」発表"
1,2015/5/13,http://dummy/,"トヨタのＡＩ研究子会社、米ミシガン州に３番目の拠点  "
1,2015/5/14,http://dummy/,"人工知能ショック！？韓国政府が国産スーパーコンピュータ開発プロジェクト開始"
1,2015/5/15,http://dummy/,"木村情報技術が「ＡＩ応用開発センター」を開設"
1,2015/5/16,http://dummy/,"ソフトバンクなど、AIを活用したサイバー攻撃対策基盤を提供"
1,2015/5/17,http://dummy/,"塩野義製薬、機械学習エンジンを活用し臨床試験解析を自動化"
1,2015/5/18,http://dummy/,"Microsoftのディープラーニング採用翻訳アプリ、iOS版でもオフライン対応"
1,2015/5/19,http://dummy/,"CEC、ディープラーニングを活用した画像検査システムを発売"
1,2015/5/20,http://dummy/,"人工知能で“ホンネ”を探るマーケティング基盤--リクルートテクノロジーズの参考展示"
1,2015/5/21,http://dummy/,"NECと産総研、人工知能研究で連携　災害など“未知の状況”の意思決定を支援"
1,2015/5/22,http://dummy/,"野村証券、新たな売買システム提供へ、AI活用で熟練トレーダーの相場観"
1,2015/5/23,http://dummy/,"ソフトバンク、ＡＩ活用し企業のサイバー攻撃対策"
1,2015/5/24,http://dummy/,"パナソニックが人工知能など４分野でオープンイノベーション推進"
1,2015/5/25,http://dummy/,"現代自、人工知能搭載車の開発戦略を公開"
1,2015/5/26,http://dummy/,"NVIDIA、「Tesla P100」GPUや深層学習向けスーパーコンピュータ「DGX-1」発表"
1,2015/5/27,http://dummy/,"Facebook、AI採用の画像の音声キャプションを視覚障害者向けに提供開始"
1,2015/5/28,http://dummy/,"セールスフォース、人工知能関連の新興企業MetaMindを買収"
1,2015/5/29,http://dummy/,"暴言連発の人工知能にマイクロソフトがかける期待"
1,2015/5/30,http://dummy/,"桜丘中の春期講習で人工知能「Qubena」使い全員成績アップ"
1,2015/5/31,http://dummy/,"HPE、ディープラーニング向け製品や金融サービス業界向けソリューションを発表"
1,2015/6/1,http://dummy/,"人工知能開発の株式会社オルツ，ニューヨーク大学の関根聡氏を技術顧問として招聘"
1,2015/6/2,http://dummy/,"NTT Com、AI技術活用した不審者の動体検出の実証実験に成功 - ALSOKと連携"
1,2015/6/3,http://dummy/,"特許審査に活用へ　１６年度から実証事業"
1,2015/6/4,http://dummy/,"Microsoft、人工知能ボット作成フレームワークを公開"
1,2015/6/5,http://dummy/,"ソフトバンク、バス自動運転技術を開発へ　ＶＢに出資"
1,2015/6/6,http://dummy/,"アイフォーカス・ネットワーク、AIエンジンの新版をリリース"
1,2015/6/7,http://dummy/,"ＩＢＪ、人工知能で婚活マッチング"
1,2015/6/8,http://dummy/,"人工知能推進、議論スタート＝４月中に提言策定−自民"
1,2015/6/9,http://dummy/,"人工知能のクリエイティブディレクター登場へ--大手広告代理店に"
1,2015/6/10,http://dummy/,"人工知能推進、議論スタート＝４月中に提言策定−自民"
1,2015/6/11,http://dummy/,"人工知能による雇用代替が現実に　「ロボ・アドバイザー」導入　英国RBS"
1,2015/6/12,http://dummy/,"人工知能ホワイト・ジャック、医師の診療支援　自治医大"
1,2015/6/13,http://dummy/,"Microsoft、人工知能Tayの無作法を謝罪　「脆弱性を修正して再挑戦したい」"
1,2015/6/14,http://dummy/,"Google傘下のNest Labs　Amazonの音声認識で室温制御可能に"
1,2015/6/15,http://dummy/,"Microsoftの人工知能Tay、悪い言葉を覚えて休眠中"
1,2015/6/16,http://dummy/,"ソフトバンク、ペッパーが接客する携帯販売店開設　１週間限定"
1,2015/6/17,http://dummy/,"Google、「Amazon Echo」対抗の音声アシスタント端末開発か"
1,2015/6/18,http://dummy/,"リザーブリンク、歯科向けに人工知能搭載の予約管理システム提供"
1,2015/6/19,http://dummy/,"日立、顧客の音声を分析して課題解決を支援するサービスを提供"
1,2015/6/20,http://dummy/,"オットージャパン、人工知能で店舗とWebサイトをつなぐサービス「FABIA ai Stylist」"
1,2015/6/21,http://dummy/,"人工知能を搭載した15,000尾の「デジタルいわし」が八景島シーパラダイスに登場"
1,2015/6/22,http://dummy/,"米グーグル、クラウドイベントでAWS統合管理、TensorFlowサービスなどを発表"
1,2015/6/23,http://dummy/,"受付業務にPepperを、ソフトブレーンが「eレセプションマネージャー」発表"
1,2015/6/24,http://dummy/,"emin、中小規模EC向け人工知能クーポン配信サービスを提供"
1,2015/6/25,http://dummy/,"ヘッドウォータース、人の顔を識別して話す内容を変えられるロボアプリ"
1,2015/6/26,http://dummy/,"ソフトバンク、ＡＩでスマホ販売を予測　在庫２割削減"
1,2015/6/27,http://dummy/,"ぐちゃぐちゃな写真フォルダを人工知能が整理する、アドビの新ツール"
1,2015/6/28,http://dummy/,"Microsoftの人工知能「Tay」、Twitterデビュー"
1,2015/6/29,http://dummy/,"Google、アプリに音声認識機能を追加できる「Cloud Speech API」を公開"
1,2015/6/30,http://dummy/,"コールセンターに人工知能と音声認識技術を活用した新システムを導入 - 損保ジャパン日本興亜"
1,2015/7/1,http://dummy/,"人工知能創作小説、一部が「星新一賞」１次審査通過"
1,2015/7/2,http://dummy/,"人工知能で産業力強化、自民が総裁直轄の新組織"
1,2015/7/3,http://dummy/,"コンピューター囲碁世界大会、日本のソフト優勝 "
1,2015/7/4,http://dummy/,"囲碁ソフトの世界大会が開幕　米フェイスブック初参加  "
1,2015/7/5,http://dummy/,"「アルファ碁ショック」で韓国がAI研究前倒し、5年間で1兆ウォン投資"
1,2015/7/6,http://dummy/,"UBIC、人工知能を用いた知財戦略支援システムの提供を開始"
1,2015/7/7,http://dummy/,"ＩＢＭとマスターカード提携　店の販売情報、ワトソンが分析"
1,2015/7/8,http://dummy/,"NRI、2020年までのITロードマップ - ディープラーニングによるAIの進展が鍵"
1,2015/7/9,http://dummy/,"トヨタ常務　奥地氏、レベル4の完全自動運転車はレベル3の自動運転車を賢く育てて実現する (1/3)"
1,2015/7/10,http://dummy/,"人工知能で製油所が変わる？"
1,2015/7/11,http://dummy/,"SHOPLIST、ファッション人工知能「SENSY」の試験導入開始"
1,2015/7/12,http://dummy/,"囲碁人工知能「AlphaGo」、プロ棋士との5番勝負を制す"
1,2015/7/13,http://dummy/,"NTTデータの人工知能、ロボティクス事業における強みとは?"
1,2015/7/14,http://dummy/,"ＩＴＨＤ−続伸　AIベンチャーのエルブズに出資　高齢者向けサービス開発目指す"
1,2015/7/15,http://dummy/,"TIS、AI活用ビジネスを展開する「エルブズ」にシードマネーを出資"
1,2015/7/16,http://dummy/,"鼻歌を五線譜にしてアレンジまでしてくれる作曲アプリ「Hum On!」"
1,2015/7/17,http://dummy/,"「資格スクエア」、人工知能を活用した問題演習機能"
1,2015/7/18,http://dummy/,"ＡＩで新卒採用支援　ミライセルフやアイプラグ、選考効率化"
1,2015/7/19,http://dummy/,"韓国のプロ棋士が初勝利　人工知能に１勝３敗"
1,2015/7/20,http://dummy/,"Microsoft、「マインクラフト」採用の人工知能（AI）訓練ツール「AIX」をオープンソース化へ"
1,2015/7/21,http://dummy/,"囲碁ＡＩ、トップ級棋士を圧倒　５局勝負で３連勝"
1,2015/7/22,http://dummy/,"フェイスブック、地球ネットの実現にＡＩを活用  "
1,2015/7/23,http://dummy/,"AlpacaDBがDeep Learningを使った自動取引アプリを公開"
1,2015/7/24,http://dummy/,"ＧＭ 自動運転システムのベンチャー企業買収"
1,2015/7/25,http://dummy/,"採点に人工知能も活用　大学入試新テスト、まとめ案公表"
1,2015/7/26,http://dummy/,"［CloudDays 2016］産業技術総合研究所（産総研）の辻井氏、AI開発は実世界への適用を目指す段階に入った"
1,2015/7/27,http://dummy/,"ワークスチャイナ　人工知能型ERP「AI WORKS」の販売開始　営業体制は年次倍増を計画 "
1,2015/7/28,http://dummy/,"MITが開発したトランプ氏の人工知能ボット、ツイッターで「活躍」（閲覧注意「悪夢の画像」付き）"
1,2015/7/29,http://dummy/,"囲碁ソフトがプロ棋士に連勝　５局勝負の第２局  "
1,2015/7/30,http://dummy/,"米HPE、Microsoft Azure上で機械学習APIを提供する「Haven OnDemand」発表"
1,2015/7/31,http://dummy/,"IBM「Watson」関連研究チームが取り組む文書の自動要約システム--品質は人レベルにも"
1,2015/8/1,http://dummy/,"Googleの人工知能、囲碁で世界最強棋士破る"
1,2015/8/2,http://dummy/,"ALSOKとNEC、新しい警備スタイルの提供に向けて協業"
1,2015/8/3,http://dummy/,"PepperとMicrosoft Azureが連携　ソフトバンクとMS、ロボット接客システムで協業"
1,2015/8/4,http://dummy/,"東京大学、「対話型問診ロボ」をPepperで"
1,2015/8/5,http://dummy/,"UBIC、人工知能による特許調査・分析システムを機能強化"
1,2015/8/6,http://dummy/,"大学新テスト採点で人工知能ＡＩの導入を検討　文科省が最終報告案に明記へ"
1,2015/8/7,http://dummy/,"トランプ氏そっくり？　の人工知能bot、米MITが公開　本人にリプライも"
1,2015/8/8,http://dummy/,"人工知能でApp Storeのランキングを予測--クエリーアイら、誤差7％を達成"
1,2015/8/9,http://dummy/,"「スーパー人工知能」の出現に備えよ−オックスフォード大学ボストロム教授"
1,2015/8/10,http://dummy/,"通行人を分析、最適な広告を表示する「ＡＩ広告」  "
1,2015/8/11,http://dummy/,"フェイスブック、欧州の人工知能研究者を囲い込み"
1,2015/8/12,http://dummy/,"三菱電機とNTT Com、監視カメラとAIを組み合わせた映像解析サービス"
1,2015/8/13,http://dummy/,"生活革命、「Pepper」と大画面ディスプレイの連動システムを発売"
1,2015/8/14,http://dummy/,"「機械学習で次世代ドローン開発」――手のひらサイズの組み込み向けコンピュータ「NVIDIA Jetson TX1」が国内発売"
1,2015/8/15,http://dummy/,"伊勢丹新宿店にて、人気スタイリストの人工知能を活用した店頭接客「FIND NEW STYLE」を3月2日よりスタート"
1,2015/8/16,http://dummy/,"Googleの自動運転車、初の過失事故を報告（負傷者はなし）"
1,2015/8/17,http://dummy/,"Watson IoT事業部を始動――日本IBM"
1,2015/8/18,http://dummy/,"世界最強の囲碁ソフト目指せ――ドワンゴ「DeepZenGoプロジェクト」始動　Google「AlphaGo」打倒も"
1,2015/8/19,http://dummy/,"ALBERT、アクセンチュアとの協業を発表〜人工知能・ディープラーニング活用したソリューション開発へ"
1,2015/8/20,http://dummy/,"日本ＩＢＭ、ＩｏＴで「ワトソン」活用  "
1,2015/8/21,http://dummy/,"RSAがSIEM製品に新機能の「リアルタイム分析」 - 機械学習を活用"
1,2015/8/22,http://dummy/,"サイバーエージェント、人工知能をアドテクノロジーに活用するAI研究組織「AI Lab」で明治大学と産学連携"
1,2015/8/23,http://dummy/,"M-SOL、新しい労働力としてのPepper活用でパソナテックと協業"
1,2015/8/24,http://dummy/,"自動運転、ＤｅＮＡも発進　タクシーの実証実験開始  "
1,2015/8/25,http://dummy/,"「Watsonでサイバー攻撃を自動防御」、日本IBMがセキュリティ戦略を発表"
1,2015/8/26,http://dummy/,"水漏れの相談、人工知能で応対 東大発ＶＢとアクトコール、人手不足に対応"
1,2015/8/27,http://dummy/,"人工知能で３省連携、戦略組織設置　企業と研究加速 "
1,2015/8/28,http://dummy/,"PwC、マシンラーニングによる業務改革支援コンサルを提供"
1,2015/8/29,http://dummy/,"みずほ銀行とIBM、WatsonとPepperを連携し宝くじ関連の照会応対開始"
1,2015/8/30,http://dummy/,"ＡＩ新興企業の買収合戦　セールスフォースも名乗り"
1,2015/8/31,http://dummy/,"機械学習のモデルそのものを自動的に最適化する技術を開発――リクルートテクノロジーズ"
1,2015/9/1,http://dummy/,"クラスキャット、深層学習の新版でTensorFlow新版やKerasを提供"
1,2015/9/2,http://dummy/,"米ＩＢＭ、人工知能「ワトソン」を成長戦略の中核に  "
1,2015/9/3,http://dummy/,"香港企業が汎用人工知能による株式取引システムを完成、近く運用開始へ"
1,2015/9/4,http://dummy/,"IBMのWatson、口ベタな人のお見合い成功率アップにも使用可能に"
1,2015/9/5,http://dummy/,"ハウスコム?人工知能による賃貸物件検索サービスを開始"
1,2015/9/6,http://dummy/,"IBMの人工知能Watson、「空気を読む」音声返答機能を獲得。入力文章から相手感情を分析し反応"
1,2015/9/7,http://dummy/,"KDDI研究所、人工知能を活用したネットワーク自動運用システムの実証に成功"
1,2015/9/8,http://dummy/,"メタップス、Web接客に人工知能による自動改善レポート機能追加"
1,2015/9/9,http://dummy/,"三菱電機、演算量は従来の10分の1、コンパクトな人工知能を開発"
1,2015/9/10,http://dummy/,"TIS、Pepper向けアプリ提供やIBM Watsonの活用提案でAI関連ビジネスを拡大"
1,2015/9/11,http://dummy/,"日本IBMがソフトバンクとIBM Watson日本語版を提供開始、6種のAPIとは"
1,2015/9/12,http://dummy/,"米ＩＢＭ、医療データ会社を3000億円で買収"
1,2015/9/13,http://dummy/,"UBICと子会社の Rappa、「健康じまん.com」に人工知能「KIBIT」を搭載"
1,2015/9/14,http://dummy/,"トレジャーデータ、OSS機械学習ライブラリHivemallを追加サービスとして提供開始"
1,2015/9/15,http://dummy/,"Google、機械学習で向上していく画像認識Google Cloud Vision APIがβ版"
1,2015/9/16,http://dummy/,"三菱電機、「コンパクトな人工知能」実現へ、組み込み機器でディープラーニング"
1,2015/9/17,http://dummy/,"ISIDとUBIC子会社のRappaが業務提携、 人工知能による「デジタルキュレーション」の実装支援を提供開始"
1,2015/9/18,http://dummy/,"トポロジカルデータ分析で時系列データを高精度分析、富士通研究所が開発"
1,2015/9/19,http://dummy/,"Google、機械学習モデル用API「TensorFlow Serving」をリリース"
1,2015/9/20,http://dummy/,"国立情報学研究所、日本IBMの支援に基づくAI研究センターを新設"
1,2015/9/21,http://dummy/,"高度なAI機能をスマホやロボットに搭載できるGPU開発、MITとエヌビディア"
1,2015/9/22,http://dummy/,"“自動運転の人工知能はドライバー” 米運輸省が初判断"
1,2015/9/23,http://dummy/,"デル、人工知能を活用したエンドポイント向けマルウェア対策製品"
1,2015/9/24,http://dummy/,"モバイル用ニューラルネットワークチップを開発"
1,2015/9/25,http://dummy/,"ＭＳ、人工知能キーボードアプリ開発会社を買収へ "
1,2015/9/26,http://dummy/,"富士通がディープラーニングを活用したサービスを発表"
1,2015/9/27,http://dummy/,"Hamee、人工知能・機械学習を研究する「ネクストエンジンAIラボ」を設立"
1,2015/9/28,http://dummy/,"Microsoft、Android／iOS向け人工知能キーボードアプリ「SwiftKey」を買収"
1,2015/9/29,http://dummy/,"クイズと人工知能で部署適性を分析、ミライセルフが新サービス"
1,2015/9/30,http://dummy/,"革新機構、人工知能に初の投資　ビッグデータ効率処理"
1,2015/10/1,http://dummy/,"Acroquest、IoTプラットフォームに機械学習で異常や障害予兆を検出する機能"
1,2015/10/2,http://dummy/,"米グーグル、米半導体ＶＢと提携　深層学習ＡＩ搭載スマホ開発"
1,2015/10/3,http://dummy/,"AWS／Azure上でTensorFlow、CNTKを――機械学習環境のマネージドサービスが登場"
1,2015/10/4,http://dummy/,"小松左京さんの遺作「完結」、人工知能に期待　データ提供"
1,2015/10/5,http://dummy/,"IBM、Weather Companyの買収完了　元CEOはWatson事業責任者に"
1,2015/10/6,http://dummy/,"ＡＩ（人工知能）システムを活用した「事前与信モデル」を導入"
1,2015/10/7,http://dummy/,"Googleのディープラーニング「AlphaGo」がプロ棋士に完勝"
1,2015/10/8,http://dummy/,"Googleはモバイル端末に人工知能を組み込み「関係性」を理解できる専用チップ開発を計画している"
1,2015/10/9,http://dummy/,"NTTコミュニケーションズ、「WideAngle」の人工知能(機械学習)基盤を大幅強化"
1,2015/10/10,http://dummy/,"AI活用のTinderライクなUIを実装したビジネスマッチング「yenta」"
1,2015/10/11,http://dummy/,"ハイアットでもPepper導入へ"
1,2015/10/12,http://dummy/,"TensorFlowより高性能」なディープラーニングツールキット「CNTK」"
1,2015/10/13,http://dummy/,"Microsoftの「Cortana」にメールを“読んで”リマインダーを設置する機能追加へ"
1,2015/10/14,http://dummy/,"船舶エンジン、ＡＩ監視で保守コスト削減　商船三井  "
1,2015/10/15,http://dummy/,"さくらがPreferred Networksと大規模GPUクラスタを構築"
1,2015/10/16,http://dummy/,"AIで電力使用最適化 京セラや立命大　天候やピーク、学習し予測　再生エネ普及後押し"
1,2015/10/17,http://dummy/,"人工知能、センター試験英語に挑戦　長文読解は不得意 "
1,2015/10/18,http://dummy/,"ホンダ、ＧＭとの提携を拡大　自動運転技術も  "
1,2015/10/19,http://dummy/,"人工知能使い研究論文の画像流用など判定"
1,2015/10/20,http://dummy/,"GoogleとUDACITY、「TensorFlow」で学ぶディープラーニング講座を開設"
1,2015/10/21,http://dummy/,"バイドゥの人工知能研究所、オープンソースの機械学習ソフトウェア「Warp-CTC」をリリース"
1,2015/10/22,http://dummy/,"ホンリョン銀、米ＩＢＭと提携　人工知能で顧客サポート"
1,2015/10/23,http://dummy/,"サイバーエージェント、人工知能・機械学習を研究する「AI Lab」設立"
1,2015/10/24,http://dummy/,"Watson IoT事業のグローバル拠点をドイツ・ミュンヘンに開設"
1,2015/10/25,http://dummy/,"AppleがまたAI企業を買収、「顔の表情分析し、感情を認識」"
1,2015/10/26,http://dummy/,"PepperにWatsonを“搭載”、IBMとソフトバンクが計画を明らかに"
1,2015/10/27,http://dummy/,"トヨタ米ＡＩ会社、グーグルのロボ開発責任者を引き抜き  "
1,2015/10/28,http://dummy/,"日立、人工知能技術で経営課題解決を支援するサービスを提供"
1,2015/10/29,http://dummy/,"ＡＩ競争激化　フェイスブックは画像認識６割向上"
1,2015/10/30,http://dummy/,"Google、AIベースのメッセージングアプリを開発中か"
1,2015/10/31,http://dummy/,"富士通、人工知能は万能ではない、だからこそ顧客と共創していく "
1,2015/11/1,http://dummy/,"トヨタが人工知能ベンチャー(PFN)に出資、「ぶつからない」ことを学ぶ技術を披露"
1,2015/11/2,http://dummy/,"IBM、「Watson IoT」のグローバル本部をミュンヘンに開設　東京にも顧客センター"
1,2015/11/3,http://dummy/,"イーロン・マスク氏ら、人類に益する人工知能を目指す「OpenAI」立ち上げ　アラン・ケイ氏も参加"
1,2015/11/4,http://dummy/,"「AIの研究者を倍増する」とNEC、AIを活用したサイバー攻撃検知技術も披露"
1,2015/11/5,http://dummy/,"Facebook、ディープラーニング向けハードウェア設計をオープンソース化"
1,2015/11/6,http://dummy/,"Google、アプリに画像認識機能を追加できる「Cloud Vision API」を公開"
1,2015/11/7,http://dummy/,"AI研究の第一人者による、学習済み人工知能を販売するベンチャー「メタデータ株式会社」"
1,2015/11/8,http://dummy/,"米IBM、最適なAPIをワトソンの技術で教えてくれる「API Harmony」発表"
1,2015/11/9,http://dummy/,"2020年度までに2500億稼ぐ、NECがAI事業の方針説明"
1,2015/11/10,http://dummy/,"Google、ディープラーニングをサポートした機械学習ライブラリ「TensorFlow」をオープンソースで公開"
1,2015/11/11,http://dummy/,"トヨタ、人工知能技術の研究開発に10億ドル投資　米国シリコンバレーに新会社"
1,2015/11/12,http://dummy/,"富士通研究所、イベント帰りの混雑、AI活用のレコメンドで緩和へ　シンガポールで実証実験"

